,city,state,nation,coord0,coord1
0,Bayonne,New Jersey,US,40.66871,-74.11431
1,Bergenfield,New Jersey,US,40.9276,-73.99736
2,Cliffside Park,New Jersey,US,40.82149,-73.98764
3,Englewood,New Jersey,US,40.89288,-73.97264
4,Fair Lawn,New Jersey,US,40.94038,-74.13181
5,Fort Lee,New Jersey,US,40.85093,-73.97014
6,Hackensack,New Jersey,US,40.88593,-74.04347
7,Hoboken,New Jersey,US,40.74399,-74.03236
8,Jersey City,New Jersey,US,40.72816,-74.07764
9,Kearny,New Jersey,US,40.76843,-74.14542
10,North Bergen,New Jersey,US,40.80427,-74.01208
11,Paramus,New Jersey,US,40.94454,-74.07542
12,Ridgewood,New Jersey,US,40.97926,-74.11653
13,Teaneck,New Jersey,US,40.8976,-74.01597
14,Union City,New Jersey,US,40.77955,-74.02375
15,West New York,New Jersey,US,40.78788,-74.01431
16,Washington,District of Columbia,US,38.89511,-77.03637
17,Bridgeport,Connecticut,US,41.16704,-73.20483
18,Danbury,Connecticut,US,41.39482,-73.45401
19,East Haven,Connecticut,US,41.27621,-72.86843
20,Meriden,Connecticut,US,41.53815,-72.80704
21,Milford,Connecticut,US,41.22232,-73.0565
22,Naugatuck,Connecticut,US,41.48593,-73.05066
23,New Haven,Connecticut,US,41.30815,-72.92816
24,North Haven,Connecticut,US,41.39093,-72.85954
25,Norwalk,Connecticut,US,41.1176,-73.4079
26,Shelton,Connecticut,US,41.31649,-73.09316
27,Stamford,Connecticut,US,41.05343,-73.53873
28,Stratford,Connecticut,US,41.18454,-73.13317
29,Trumbull,Connecticut,US,41.24287,-73.20067
30,Waterbury,Connecticut,US,41.55815,-73.0515
31,West Haven,Connecticut,US,41.27065,-72.94705
32,Westport,Connecticut,US,41.14149,-73.3579
33,Alabaster,Alabama,US,33.24428,-86.81638
34,Bessemer,Alabama,US,33.40178,-86.95444
35,Birmingham,Alabama,US,33.52066,-86.80249
36,Center Point,Alabama,US,33.64566,-86.6836
37,Homewood,Alabama,US,33.47177,-86.80082
38,Hoover,Alabama,US,33.40539,-86.81138
39,Mountain Brook,Alabama,US,33.50094,-86.75221
40,Tuscaloosa,Alabama,US,33.20984,-87.56917
41,Vestavia Hills,Alabama,US,33.44872,-86.78777
42,Bainbridge Island,Washington,US,47.62621,-122.52124
43,Burien,Washington,US,47.47038,-122.34679
44,Des Moines,Washington,US,47.40177,-122.32429
45,Mercer Island,Washington,US,47.57065,-122.22207
46,Seattle,Washington,US,47.60621,-122.33207
47,Shoreline,Washington,US,47.75565,-122.34152
48,White Center,Washington,US,47.51732,-122.35485
49,Auburn,Maine,US,44.09785,-70.23117
50,Augusta,Maine,US,44.31062,-69.77949
51,Bangor,Maine,US,44.80118,-68.77781
52,Biddeford,Maine,US,43.49258,-70.45338
53,Brunswick,Maine,US,43.91452,-69.96533
54,Lewiston,Maine,US,44.10035,-70.21478
55,South Portland,Maine,US,43.64147,-70.24088
56,Boise,Idaho,US,43.6135,-116.20345
57,Caldwell,Idaho,US,43.66294,-116.68736
58,Coeur d'Alene,Idaho,US,47.67768,-116.78047
59,Idaho Falls,Idaho,US,43.46658,-112.03414
60,Lewiston,Idaho,US,46.41655,-117.01766
61,Meridian,Idaho,US,43.61211,-116.39151
62,Moscow,Idaho,US,46.73239,-117.00017
63,Nampa,Idaho,US,43.54072,-116.56346
64,Pocatello,Idaho,US,42.8713,-112.44553
65,Twin Falls,Idaho,US,42.56297,-114.46087
66,Atwater,California,US,37.34772,-120.60908
67,Ceres,California,US,37.59493,-120.95771
68,Lodi,California,US,38.1302,-121.27245
69,Los Banos,California,US,37.05828,-120.84992
70,Manteca,California,US,37.79743,-121.21605
71,Merced,California,US,37.30216,-120.48297
72,West Modesto,California,US,37.61754,-121.03914
73,Stockton,California,US,37.9577,-121.29078
74,Tracy,California,US,37.73987,-121.42618
75,Turlock,California,US,37.49466,-120.84659
76,San Antonio,Texas,US,29.42412,-98.49363
77,New York City,New York,US,40.71427,-74.00597
78,Los Angeles,California,US,34.05223,-118.24368
79,Allen,Texas,US,33.10317,-96.67055
80,Arlington,Texas,US,32.73569,-97.10807
81,Carrollton,Texas,US,32.95373,-96.89028
82,Cedar Hill,Texas,US,32.58847,-96.95612
83,Coppell,Texas,US,32.95457,-97.01501
84,Dallas,Texas,US,32.78306,-96.80667
85,DeSoto,Texas,US,32.58986,-96.85695
86,Duncanville,Texas,US,32.6518,-96.90834
87,Farmers Branch,Texas,US,32.92651,-96.89612
88,Flower Mound,Texas,US,33.01457,-97.09696
89,Frisco,Texas,US,33.15067,-96.82361
90,Garland,Texas,US,32.91262,-96.63888
91,Grand Prairie,Texas,US,32.74596,-96.99778
92,Irving,Texas,US,32.81402,-96.94889
93,Lancaster,Texas,US,32.59208,-96.75611
94,Lewisville,Texas,US,33.04623,-96.99417
95,McKinney,Texas,US,33.19762,-96.61527
96,Mesquite,Texas,US,32.7668,-96.59916
97,Plano,Texas,US,33.01984,-96.69889
98,Richardson,Texas,US,32.94818,-96.72972
99,Rowlett,Texas,US,32.9029,-96.56388
100,The Colony,Texas,US,33.08901,-96.88639
101,University Park,Texas,US,32.85013,-96.80028
102,Waxahachie,Texas,US,32.38653,-96.84833
103,Levittown,Pennsylvania,US,40.15511,-74.82877
104,Philadelphia,Pennsylvania,US,39.95233,-75.16379
105,Brook Park,Ohio,US,41.39838,-81.80458
106,East Cleveland,Ohio,US,41.53311,-81.57901
107,Cleveland Heights,Ohio,US,41.52005,-81.55624
108,South Euclid,Ohio,US,41.52311,-81.51846
109,Garfield Heights,Ohio,US,41.417,-81.60596
110,Lakewood,Ohio,US,41.48199,-81.79819
111,Maple Heights,Ohio,US,41.41533,-81.56596
112,Parma,Ohio,US,41.40477,-81.72291
113,Shaker Heights,Ohio,US,41.47394,-81.53707
114,Champaign,Illinois,US,40.11642,-88.24338
115,Charleston,Illinois,US,39.49615,-88.17615
116,Danville,Illinois,US,40.12448,-87.63002
117,Decatur,Illinois,US,39.84031,-88.9548
118,Quincy,Illinois,US,39.9356,-91.40987
119,Springfield,Illinois,US,39.80172,-89.64371
120,Urbana,Illinois,US,40.11059,-88.20727
121,Andover,Minnesota,US,45.2333,-93.29134
122,Duluth,Minnesota,US,46.78327,-92.10658
123,Moorhead,Minnesota,US,46.87386,-96.76951
124,East Chicago,Indiana,US,41.6392,-87.45476
125,Gary,Indiana,US,41.59337,-87.34643
126,Hammond,Indiana,US,41.58337,-87.50004
127,Highland,Indiana,US,41.55365,-87.45198
128,Hobart,Indiana,US,41.53226,-87.25504
129,LaPorte,Indiana,US,41.6106,-86.72252
130,Merrillville,Indiana,US,41.48281,-87.33281
131,Michigan City,Indiana,US,41.70754,-86.89503
132,Munster,Indiana,US,41.56448,-87.51254
133,Portage,Indiana,US,41.57587,-87.17615
134,Schererville,Indiana,US,41.47892,-87.45476
135,Valparaiso,Indiana,US,41.47309,-87.06114
136,Athens,Ohio,US,39.32924,-82.10126
137,Chillicothe,Ohio,US,39.33312,-82.9824
138,Delaware,Ohio,US,40.29867,-83.06797
139,Lancaster,Ohio,US,39.71368,-82.59933
140,Marion,Ohio,US,40.58867,-83.12852
141,Newark,Ohio,US,40.05812,-82.40126
142,Portsmouth,Ohio,US,38.73174,-82.99767
143,Zanesville,Ohio,US,39.94035,-82.01319
144,Algonquin,Illinois,US,42.16558,-88.29425
145,Arlington Heights,Illinois,US,42.08836,-87.98063
146,Buffalo Grove,Illinois,US,42.15141,-87.95979
147,Carpentersville,Illinois,US,42.12114,-88.25786
148,Des Plaines,Illinois,US,42.03336,-87.8834
149,South Elgin,Illinois,US,41.99419,-88.2923
150,Elk Grove Village,Illinois,US,42.00392,-87.97035
151,Evanston,Illinois,US,42.04114,-87.69006
152,Glenview,Illinois,US,42.06975,-87.78784
153,Gurnee,Illinois,US,42.3703,-87.90202
154,Highland Park,Illinois,US,42.18169,-87.80034
155,Hoffman Estates,Illinois,US,42.04281,-88.0798
156,Lake Forest,Illinois,US,42.25863,-87.84063
157,Lake in the Hills,Illinois,US,42.18169,-88.33036
158,Libertyville,Illinois,US,42.28308,-87.95313
159,Morton Grove,Illinois,US,42.04059,-87.78256
160,Mount Prospect,Illinois,US,42.06642,-87.93729
161,Mundelein,Illinois,US,42.26308,-88.00397
162,Niles,Illinois,US,42.01892,-87.80284
163,North Chicago,Illinois,US,42.32558,-87.84118
164,Northbrook,Illinois,US,42.12753,-87.82895
165,Palatine,Illinois,US,42.1103,-88.03424
166,Park Ridge,Illinois,US,42.01114,-87.84062
167,Rolling Meadows,Illinois,US,42.08419,-88.01313
168,Round Lake Beach,Illinois,US,42.37169,-88.09008
169,Schaumburg,Illinois,US,42.03336,-88.08341
170,Skokie,Illinois,US,42.03336,-87.73339
171,Vernon Hills,Illinois,US,42.21947,-87.97952
172,Waukegan,Illinois,US,42.36363,-87.84479
173,Wheeling,Illinois,US,42.13919,-87.92896
174,Wilmette,Illinois,US,42.07225,-87.72284
175,Zion,Illinois,US,42.44613,-87.83285
176,Baton Rouge,Louisiana,US,30.45075,-91.15455
177,Biloxi,Mississippi,US,30.39603,-88.88531
178,West Gulfport,Mississippi,US,30.40409,-89.0942
179,Pascagoula,Mississippi,US,30.36576,-88.55613
180,Albany,Georgia,US,31.57851,-84.15574
181,Valdosta,Georgia,US,30.83334,-83.28032
182,Muskegon,Michigan,US,43.23418,-86.24839
183,Norton Shores,Michigan,US,43.1689,-86.26395
184,Shelby,Michigan,US,42.67087,-83.03298
185,Akron,Ohio,US,41.08144,-81.51901
186,Alliance,Ohio,US,40.91534,-81.10593
187,Austintown,Ohio,US,41.10172,-80.76452
188,Barberton,Ohio,US,41.01283,-81.60512
189,Boardman,Ohio,US,41.02423,-80.66285
190,Brunswick,Ohio,US,41.23811,-81.8418
191,North Canton,Ohio,US,40.87589,-81.40234
192,Cuyahoga Falls,Ohio,US,41.13394,-81.48456
193,Green,Ohio,US,40.94589,-81.48317
194,Hudson,Ohio,US,41.24006,-81.44067
195,Kent,Ohio,US,41.15367,-81.35789
196,Massillon,Ohio,US,40.79672,-81.52151
197,Medina,Ohio,US,41.13839,-81.86375
198,Niles,Ohio,US,41.18284,-80.76536
199,Stow,Ohio,US,41.1595,-81.44039
200,Warren,Ohio,US,41.23756,-80.81842
201,Wooster,Ohio,US,40.80517,-81.93646
202,Youngstown,Ohio,US,41.09978,-80.64952
203,Bonita Springs,Florida,US,26.33981,-81.7787
204,Cape Coral,Florida,US,26.56285,-81.94953
205,North Fort Myers,Florida,US,26.66729,-81.88009
206,Golden Gate,Florida,US,26.18787,-81.69509
207,Lehigh Acres,Florida,US,26.62535,-81.6248
208,Naples,Florida,US,26.14234,-81.79596
209,Aspen Hill,Maryland,US,39.07955,-77.07303
210,North Bethesda,Maryland,US,39.04455,-77.11887
211,Bowie,Maryland,US,38.94278,-76.73028
212,Chillum,Maryland,US,38.96372,-76.99081
213,Clinton,Maryland,US,38.76511,-76.89831
214,College Park,Maryland,US,38.98067,-76.93692
215,Cumberland,Maryland,US,39.65287,-78.76252
216,Fairland,Maryland,US,39.07622,-76.95775
217,Fort Washington,Maryland,US,38.70734,-77.02303
218,Frederick,Maryland,US,39.41427,-77.41054
219,Gaithersburg,Maryland,US,39.14344,-77.20137
220,Germantown,Maryland,US,39.17316,-77.27165
221,Greenbelt,Maryland,US,39.00455,-76.87553
222,Hagerstown,Maryland,US,39.64176,-77.71999
223,Landover,Maryland,US,38.934,-76.89664
224,Montgomery Village,Maryland,US,39.17677,-77.19526
225,South Laurel,Maryland,US,39.06983,-76.85025
226,North Potomac,Maryland,US,39.08289,-77.26498
227,Olney,Maryland,US,39.15316,-77.06692
228,Potomac,Maryland,US,39.01817,-77.20859
229,Rockville,Maryland,US,39.084,-77.15276
230,Silver Spring,Maryland,US,38.99067,-77.02609
231,Saint Charles,Maryland,US,38.60317,-76.93858
232,Suitland,Maryland,US,38.84872,-76.92386
233,Waldorf,Maryland,US,38.62456,-76.93914
234,White Oak,Maryland,US,39.03983,-76.99303
235,West Bloomfield Township,Michigan,US,42.56891,-83.38356
236,Farmington Hills,Michigan,US,42.48531,-83.37716
237,Ferndale,Michigan,US,42.46059,-83.13465
238,Madison Heights,Michigan,US,42.48587,-83.1052
239,Novi,Michigan,US,42.48059,-83.47549
240,Oak Park,Michigan,US,42.45948,-83.18271
241,Pontiac,Michigan,US,42.63892,-83.29105
242,Rochester Hills,Michigan,US,42.65837,-83.14993
243,Royal Oak,Michigan,US,42.48948,-83.14465
244,Southfield,Michigan,US,42.47337,-83.22187
245,Troy,Michigan,US,42.60559,-83.14993
246,Waterford,Michigan,US,42.69303,-83.41181
247,Mobile,Alabama,US,30.69436,-88.04305
248,Prichard,Alabama,US,30.7388,-88.07889
249,Greenville,North Carolina,US,35.61266,-77.36635
250,Havelock,North Carolina,US,34.87905,-76.90133
251,Kinston,North Carolina,US,35.26266,-77.58164
252,New Bern,North Carolina,US,35.10849,-77.04411
253,Rocky Mount,North Carolina,US,35.93821,-77.79053
254,Wilson,North Carolina,US,35.72127,-77.91554
255,Auburn,Washington,US,47.30732,-122.22845
256,East Hill-Meridian,Washington,US,47.41052,-122.17369
257,Federal Way,Washington,US,47.32232,-122.31262
258,Lakewood,Washington,US,47.17176,-122.51846
259,Parkland,Washington,US,47.15538,-122.43401
260,Puyallup,Washington,US,47.18538,-122.2929
261,South Hill,Washington,US,47.14121,-122.27012
262,Spanaway,Washington,US,47.10399,-122.43457
263,Tacoma,Washington,US,47.25288,-122.44429
264,University Place,Washington,US,47.23565,-122.5504
265,Copperas Cove,Texas,US,31.12406,-97.90308
266,Fort Hood,Texas,US,31.13489,-97.77561
267,Killeen,Texas,US,31.11712,-97.7278
268,Temple,Texas,US,31.09823,-97.34278
269,Waco,Texas,US,31.54933,-97.14667
270,Anniston,Alabama,US,33.65983,-85.83163
271,Decatur,Alabama,US,34.60593,-86.98334
272,Florence,Alabama,US,34.79981,-87.67725
273,Gadsden,Alabama,US,34.01426,-86.00664
274,Huntsville,Alabama,US,34.73037,-86.5861
275,Madison,Alabama,US,34.69926,-86.74833
276,Fort Wayne,Indiana,US,41.1306,-85.12886
277,Brookfield,Wisconsin,US,43.06057,-88.10648
278,Caledonia,Wisconsin,US,42.8078,-87.92425
279,Kenosha,Wisconsin,US,42.58474,-87.82119
280,Menomonee Falls,Wisconsin,US,43.1789,-88.11731
281,Mequon,Wisconsin,US,43.2364,-87.98453
282,Muskego,Wisconsin,US,42.90585,-88.13898
283,New Berlin,Wisconsin,US,42.9764,-88.10842
284,Racine,Wisconsin,US,42.72613,-87.78285
285,Waukesha,Wisconsin,US,43.01168,-88.23148
286,West Bend,Wisconsin,US,43.42528,-88.18343
287,Battle Creek,Michigan,US,42.3173,-85.17816
288,Kalamazoo,Michigan,US,42.29171,-85.58723
289,Portage,Michigan,US,42.20115,-85.58
290,Bowling Green,Kentucky,US,36.99032,-86.4436
291,Elizabethtown,Kentucky,US,37.69395,-85.85913
292,Henderson,Kentucky,US,37.83615,-87.59001
293,Hopkinsville,Kentucky,US,36.86561,-87.49117
294,Owensboro,Kentucky,US,37.77422,-87.11333
295,Paducah,Kentucky,US,37.08339,-88.60005
296,Radcliff,Kentucky,US,37.84035,-85.94913
297,Back Mountain,Pennsylvania,US,41.33591,-75.99631
298,Hazleton,Pennsylvania,US,40.95842,-75.97465
299,Scranton,Pennsylvania,US,41.40916,-75.6649
300,Wilkes-Barre,Pennsylvania,US,41.24591,-75.88131
301,Williamsport,Pennsylvania,US,41.24119,-77.00108
302,Richmond,Virginia,US,37.55376,-77.46026
303,Alvin,Texas,US,29.42385,-95.2441
304,Atascocita,Texas,US,29.99883,-95.1766
305,Baytown,Texas,US,29.7355,-94.97743
306,Channelview,Texas,US,29.77606,-95.11465
307,Cloverleaf,Texas,US,29.77828,-95.17188
308,Deer Park,Texas,US,29.70523,-95.12382
309,Friendswood,Texas,US,29.5294,-95.20104
310,South Houston,Texas,US,29.66301,-95.23549
311,La Porte,Texas,US,29.66578,-95.01937
312,League City,Texas,US,29.50745,-95.09493
313,Mission Bend,Texas,US,29.69384,-95.66495
314,Missouri City,Texas,US,29.61857,-95.53772
315,Pasadena,Texas,US,29.69106,-95.2091
316,Pearland,Texas,US,29.56357,-95.28605
317,Rosenberg,Texas,US,29.55718,-95.80856
318,Spring,Texas,US,30.07994,-95.41716
319,Sugar Land,Texas,US,29.61968,-95.63495
320,The Woodlands,Texas,US,30.15799,-95.48938
321,Dover,Delaware,US,39.15817,-75.52437
322,Newark,Delaware,US,39.68372,-75.74966
323,Wilmington,Delaware,US,39.74595,-75.54659
324,Arvada,Colorado,US,39.80276,-105.08748
325,Aurora,Colorado,US,39.72943,-104.83192
326,Boulder,Colorado,US,40.01499,-105.27055
327,Brighton,Colorado,US,39.98526,-104.82053
328,Broomfield,Colorado,US,39.92054,-105.08665
329,Castle Rock,Colorado,US,39.37221,-104.85609
330,Castlewood,Colorado,US,39.58471,-104.90109
331,Columbine,Colorado,US,39.58777,-105.06943
332,Commerce City,Colorado,US,39.80832,-104.93387
333,Denver,Colorado,US,39.73915,-104.9847
334,Englewood,Colorado,US,39.64777,-104.98776
335,Highlands Ranch,Colorado,US,39.55388,-104.96943
336,Ken Caryl,Colorado,US,39.57582,-105.11221
337,Lafayette,Colorado,US,39.9936,-105.08971
338,Lakewood,Colorado,US,39.70471,-105.08137
339,Littleton,Colorado,US,39.61332,-105.01665
340,Longmont,Colorado,US,40.16721,-105.10193
341,Loveland,Colorado,US,40.39776,-105.07498
342,Northglenn,Colorado,US,39.88554,-104.9872
343,Parker,Colorado,US,39.5186,-104.76136
344,Southglenn,Colorado,US,39.58721,-104.95276
345,Thornton,Colorado,US,39.86804,-104.97192
346,Westminster,Colorado,US,39.83665,-105.0372
347,Wheat Ridge,Colorado,US,39.7661,-105.07721
348,South Charleston,West Virginia,US,38.36843,-81.69957
349,Huntington,West Virginia,US,38.41925,-82.44515
350,Morgantown,West Virginia,US,39.62953,-79.9559
351,Parkersburg,West Virginia,US,39.26674,-81.56151
352,Weirton,West Virginia,US,40.41896,-80.58952
353,Wheeling,West Virginia,US,40.06396,-80.72091
354,Aventura,Florida,US,25.95648,-80.13921
355,Carol City,Florida,US,25.94065,-80.2456
356,Coral Gables,Florida,US,25.72149,-80.26838
357,Coral Terrace,Florida,US,25.74593,-80.3045
358,Country Club,Florida,US,25.94815,-80.317
359,Cutler Ridge,Florida,US,25.58066,-80.34672
360,Doral,Florida,US,25.81954,-80.35533
361,Golden Glades,Florida,US,25.91176,-80.20033
362,Hialeah,Florida,US,25.8576,-80.27811
363,Homestead,Florida,US,25.46872,-80.47756
364,Kendale Lakes,Florida,US,25.70816,-80.407
365,Kendall West,Florida,US,25.7065,-80.4388
366,Key West,Florida,US,24.55524,-81.78163
367,Leisure City,Florida,US,25.49539,-80.42922
368,West Miami,Florida,US,25.76343,-80.29616
369,North Miami Beach,Florida,US,25.93315,-80.16255
370,Miami Lakes,Florida,US,25.90871,-80.30866
371,Miramar,Florida,US,25.98731,-80.23227
372,Norland,Florida,US,25.94898,-80.21227
373,North Miami,Florida,US,25.89009,-80.18671
374,Richmond West,Florida,US,25.6105,-80.42971
375,Richmond Heights,Florida,US,25.63149,-80.36894
376,South Miami Heights,Florida,US,25.59761,-80.38061
377,Tamiami,Florida,US,25.75871,-80.39839
378,West Little River,Florida,US,25.85704,-80.23699
379,Westchester,Florida,US,25.75482,-80.32727
380,Casper,Wyoming,US,42.86663,-106.31308
381,Cheyenne,Wyoming,US,41.13998,-104.82025
382,Gillette,Wyoming,US,44.29109,-105.50222
383,Laramie,Wyoming,US,41.31137,-105.5911
384,Grand Island,Nebraska,US,40.92501,-98.34201
385,Kearney,Nebraska,US,40.69946,-99.08148
386,North Platte,Nebraska,US,41.12389,-100.76542
387,Bloomington,Illinois,US,40.4842,-88.99369
388,East Moline,Illinois,US,41.50087,-90.4443
389,East Peoria,Illinois,US,40.66615,-89.5801
390,Galesburg,Illinois,US,40.94782,-90.37124
391,Moline,Illinois,US,41.5067,-90.51513
392,Normal,Illinois,US,40.5142,-88.99063
393,Pekin,Illinois,US,40.56754,-89.64066
394,Peoria,Illinois,US,40.69365,-89.58899
395,Rock Island,Illinois,US,41.50948,-90.57875
396,Beverly Hills,California,US,34.07362,-118.40036
397,West Carson,California,US,33.82168,-118.29257
398,Culver City,California,US,34.02112,-118.39647
399,Gardena,California,US,33.88835,-118.30896
400,Hawthorne,California,US,33.9164,-118.35257
401,Inglewood,California,US,33.96168,-118.35313
402,Lawndale,California,US,33.88724,-118.35257
403,Lennox,California,US,33.93807,-118.35258
404,Lomita,California,US,33.79224,-118.31507
405,Lynwood,California,US,33.93029,-118.21146
406,Manhattan Beach,California,US,33.88474,-118.41091
407,Rancho Palos Verdes,California,US,33.74446,-118.38702
408,Redondo Beach,California,US,33.84918,-118.38841
409,Santa Monica,California,US,34.01945,-118.49119
410,Torrance,California,US,33.83585,-118.34063
411,West Chicago,Illinois,US,41.88475,-88.20396
412,Allen Park,Michigan,US,42.25754,-83.21104
413,Dearborn,Michigan,US,42.32226,-83.17631
414,Dearborn Heights,Michigan,US,42.33698,-83.27326
415,Detroit,Michigan,US,42.33143,-83.04575
416,Hamtramck,Michigan,US,42.39282,-83.04964
417,Inkster,Michigan,US,42.2942,-83.30993
418,Lincoln Park,Michigan,US,42.25059,-83.17854
419,Redford,Michigan,US,42.38337,-83.2966
420,Taylor,Michigan,US,42.24087,-83.26965
421,Kirkwood,Missouri,US,38.58339,-90.40678
422,Maryland Heights,Missouri,US,38.71311,-90.42984
423,Mehlville,Missouri,US,38.50839,-90.32289
424,Oakville,Missouri,US,38.47005,-90.30456
425,Spanish Lake,Missouri,US,38.78783,-90.21594
426,St. Louis,Missouri,US,38.62727,-90.19789
427,University City,Missouri,US,38.65588,-90.30928
428,Webster Groves,Missouri,US,38.59255,-90.35734
429,Affton,Missouri,US,38.55061,-90.33317
430,Ferguson,Missouri,US,38.74422,-90.30539
431,Florissant,Missouri,US,38.78922,-90.32261
432,Hazelwood,Missouri,US,38.77144,-90.37095
433,Auburn,New York,US,42.93173,-76.56605
434,Rome,New York,US,43.21285,-75.45573
435,Syracuse,New York,US,43.04812,-76.14742
436,Utica,New York,US,43.1009,-75.23266
437,Watertown,New York,US,43.97478,-75.91076
438,Wichita,Kansas,US,37.69224,-97.33754
439,Carmel,Indiana,US,39.97837,-86.11804
440,Fishers,Indiana,US,39.95559,-86.01387
441,Greenwood,Indiana,US,39.61366,-86.10665
442,Indianapolis,Indiana,US,39.76838,-86.15804
443,Lawrence,Indiana,US,39.83865,-86.02526
444,Noblesville,Indiana,US,40.04559,-86.0086
445,Alexandria,Louisiana,US,31.31129,-92.44514
446,Bossier City,Louisiana,US,32.51599,-93.73212
447,West Monroe,Louisiana,US,32.51848,-92.14764
448,Ruston,Louisiana,US,32.52321,-92.63793
449,Shreveport,Louisiana,US,32.52515,-93.75018
450,Burlington,Iowa,US,40.80754,-91.11292
451,Cedar Falls,Iowa,US,42.52776,-92.44547
452,Cedar Rapids,Iowa,US,42.00833,-91.64407
453,Iowa City,Iowa,US,41.66113,-91.53017
454,Marion,Iowa,US,42.03417,-91.59768
455,Waterloo,Iowa,US,42.49276,-92.34296
456,Saint Cloud,Minnesota,US,45.5608,-94.16249
457,Altamonte Springs,Florida,US,28.66111,-81.36562
458,South Apopka,Florida,US,28.66194,-81.50952
459,Casselberry,Florida,US,28.67778,-81.32785
460,Kissimmee,Florida,US,28.30468,-81.41667
461,West Melbourne,Florida,US,28.07168,-80.65339
462,Merritt Island,Florida,US,28.53917,-80.672
463,Oak Ridge,Florida,US,28.47112,-81.42452
464,Ocoee,Florida,US,28.56917,-81.54396
465,Orlando,Florida,US,28.53834,-81.37924
466,Oviedo,Florida,US,28.67,-81.20812
467,Palm Bay,Florida,US,28.03446,-80.58866
468,Pine Hills,Florida,US,28.55778,-81.4534
469,Rockledge,Florida,US,28.35084,-80.72533
470,Sanford,Florida,US,28.80055,-81.27312
471,Saint Cloud,Florida,US,28.2489,-81.28118
472,Titusville,Florida,US,28.61222,-80.80755
473,University Park,Florida,US,25.74649,-80.36755
474,Wekiwa Springs,Florida,US,28.69861,-81.42563
475,Winter Park,Florida,US,28.6,-81.33924
476,Winter Springs,Florida,US,28.69889,-81.30812
477,Bell,California,US,33.97751,-118.18702
478,Bell Gardens,California,US,33.96529,-118.15146
479,Cudahy,California,US,33.96057,-118.18535
480,East Los Angeles,California,US,34.0239,-118.17202
481,Florence-Graham,California,US,33.96772,-118.24438
482,Huntington Park,California,US,33.98168,-118.22507
483,Maywood,California,US,33.98668,-118.18535
484,Montebello,California,US,34.00946,-118.10535
485,South Gate,California,US,33.95474,-118.21202
486,West Hollywood,California,US,34.09001,-118.36174
487,Westmont,California,US,33.9414,-118.3023
488,Abilene,Texas,US,32.44874,-99.73314
489,San Angelo,Texas,US,31.46377,-100.43704
490,Addison,Illinois,US,41.9317,-87.98896
491,North Aurora,Illinois,US,41.80614,-88.3273
492,Bartlett,Illinois,US,41.99503,-88.18563
493,Batavia,Illinois,US,41.85003,-88.31257
494,Bensenville,Illinois,US,41.95503,-87.94007
495,Bloomingdale,Illinois,US,41.95753,-88.0809
496,Bolingbrook,Illinois,US,41.69864,-88.0684
497,Carol Stream,Illinois,US,41.91253,-88.13479
498,Darien,Illinois,US,41.75198,-87.97395
499,Downers Grove,Illinois,US,41.80892,-88.01117
500,Elmhurst,Illinois,US,41.89947,-87.94034
501,Glen Ellyn,Illinois,US,41.87753,-88.06701
502,Glendale Heights,Illinois,US,41.91031,-88.07174
503,Hanover Park,Illinois,US,41.99947,-88.14507
504,Lisle,Illinois,US,41.80114,-88.07479
505,Lombard,Illinois,US,41.88003,-88.00784
506,Naperville,Illinois,US,41.78586,-88.14729
507,Roselle,Illinois,US,41.98475,-88.07979
508,Saint Charles,Illinois,US,41.91419,-88.30869
509,Streamwood,Illinois,US,42.02558,-88.17841
510,Villa Park,Illinois,US,41.88975,-87.98895
511,Westmont,Illinois,US,41.79586,-87.97562
512,Wheaton,Illinois,US,41.86614,-88.10701
513,Woodridge,Illinois,US,41.74697,-88.05034
514,Auburn,Alabama,US,32.60986,-85.48078
515,Dothan,Alabama,US,31.22323,-85.39049
516,Enterprise,Alabama,US,31.31517,-85.85522
517,Montgomery,Alabama,US,32.36681,-86.29997
518,Opelika,Alabama,US,32.64541,-85.37828
519,Phenix City,Alabama,US,32.47098,-85.00077
520,Prattville,Alabama,US,32.46402,-86.4597
521,Selma,Alabama,US,32.40736,-87.0211
522,Asheboro,North Carolina,US,35.70791,-79.81364
523,Burlington,North Carolina,US,36.09569,-79.4378
524,Greensboro,North Carolina,US,36.07264,-79.79198
525,High Point,North Carolina,US,35.95569,-80.00532
526,Winston-Salem,North Carolina,US,36.09986,-80.24422
527,Lafayette,Louisiana,US,30.22409,-92.01984
528,Lake Charles,Louisiana,US,30.21309,-93.2044
529,New Iberia,Louisiana,US,30.00354,-91.81873
530,Opelousas,Louisiana,US,30.53353,-92.08151
531,Sulphur,Louisiana,US,30.23659,-93.37738
532,Arlington,Massachusetts,US,42.41537,-71.15644
533,Braintree,Massachusetts,US,42.22232,-70.99949
534,Burlington,Massachusetts,US,42.50482,-71.19561
535,Dedham,Massachusetts,US,42.24177,-71.16616
536,Lexington,Massachusetts,US,42.44732,-71.2245
537,Lynn,Massachusetts,US,42.46676,-70.94949
538,Malden,Massachusetts,US,42.4251,-71.06616
539,Marblehead,Massachusetts,US,42.5001,-70.85783
540,Medford,Massachusetts,US,42.41843,-71.10616
541,Melrose,Massachusetts,US,42.45843,-71.06616
542,Needham,Massachusetts,US,42.28343,-71.23283
543,Norwood,Massachusetts,US,42.19454,-71.1995
544,Randolph,Massachusetts,US,42.1626,-71.04116
545,Reading,Massachusetts,US,42.52565,-71.09533
546,Revere,Massachusetts,US,42.40843,-71.01199
547,Saugus,Massachusetts,US,42.46482,-71.01005
548,Stoneham,Massachusetts,US,42.4801,-71.0995
549,Wakefield,Massachusetts,US,42.50648,-71.07283
550,Waltham,Massachusetts,US,42.37649,-71.23561
551,Wellesley,Massachusetts,US,42.29649,-71.29256
552,Weymouth,Massachusetts,US,42.22093,-70.93977
553,Winchester,Massachusetts,US,42.45232,-71.137
554,Woburn,Massachusetts,US,42.47926,-71.15228
555,The Bronx,New York,US,40.84985,-73.86641
556,Brooklyn,New York,US,40.6501,-73.94958
557,Borough of Queens,New York,US,40.68149,-73.83652
558,Staten Island,New York,US,40.56233,-74.13986
559,Beverly,Massachusetts,US,42.55843,-70.88005
560,Chelmsford,Massachusetts,US,42.59981,-71.36728
561,Danvers,Massachusetts,US,42.57509,-70.93005
562,Fitchburg,Massachusetts,US,42.58342,-71.8023
563,Gardner,Massachusetts,US,42.57509,-71.99813
564,Gloucester,Massachusetts,US,42.61593,-70.66199
565,Haverhill,Massachusetts,US,42.7762,-71.07728
566,Lawrence,Massachusetts,US,42.70704,-71.16311
567,Leominster,Massachusetts,US,42.52509,-71.75979
568,Lowell,Massachusetts,US,42.63342,-71.31617
569,Methuen,Massachusetts,US,42.7262,-71.19089
570,South Peabody,Massachusetts,US,42.50982,-70.94949
571,Salem,Massachusetts,US,42.51954,-70.89672
572,Wilmington,Massachusetts,US,42.54648,-71.17367
573,Gainesville,Florida,US,29.65163,-82.32483
574,Oakland Park,Florida,US,26.17231,-80.13199
575,Ocala,Florida,US,29.1872,-82.14009
576,Spring Hill,Florida,US,28.47688,-82.52546
577,Bellingham,Washington,US,48.75955,-122.48822
578,Bremerton,Washington,US,47.56732,-122.63264
579,Lacey,Washington,US,47.03426,-122.82319
580,Longview,Washington,US,46.13817,-122.93817
581,Marysville,Washington,US,48.05176,-122.17708
582,Mount Vernon,Washington,US,48.42122,-122.33405
583,Olympia,Washington,US,47.03787,-122.9007
584,Vancouver,Washington,US,45.63873,-122.66149
585,Corpus Christi,Texas,US,27.80058,-97.39638
586,Kingsville,Texas,US,27.51587,-97.85611
587,Victoria,Texas,US,28.80527,-97.0036
588,American Fork,Utah,US,40.3769,-111.79576
589,West Bountiful,Utah,US,40.89383,-111.90188
590,Clearfield,Utah,US,41.11078,-112.02605
591,Cottonwood Heights,Utah,US,40.61967,-111.81021
592,Draper,Utah,US,40.52467,-111.86382
593,East Millcreek,Utah,US,40.69995,-111.81049
594,Kaysville,Utah,US,41.03522,-111.93855
595,Kearns,Utah,US,40.65995,-111.99633
596,Layton,Utah,US,41.06022,-111.97105
597,Magna,Utah,US,40.70911,-112.10161
598,Midvale,Utah,US,40.61106,-111.89994
599,Millcreek,Utah,US,40.68689,-111.87549
600,Murray,Utah,US,40.66689,-111.88799
601,South Ogden,Utah,US,41.19189,-111.97133
602,Orem,Utah,US,40.2969,-111.69465
603,Pleasant Grove,Utah,US,40.36412,-111.73854
604,Provo,Utah,US,40.23384,-111.65853
605,Riverton,Utah,US,40.52189,-111.9391
606,Roy,Utah,US,41.16161,-112.02633
607,Salt Lake City,Utah,US,40.76078,-111.89105
608,Sandy City,Utah,US,40.59161,-111.8841
609,South Jordan,Utah,US,40.56217,-111.92966
610,South Salt Lake,Utah,US,40.71884,-111.88827
611,Spanish Fork,Utah,US,40.11496,-111.65492
612,Springville,Utah,US,40.16523,-111.61075
613,Taylorsville,Utah,US,40.66772,-111.93883
614,West Jordan,Utah,US,40.60967,-111.9391
615,West Valley City,Utah,US,40.69161,-112.00105
616,Daytona Beach,Florida,US,29.21081,-81.02283
617,DeLand,Florida,US,29.02832,-81.30312
618,Deltona,Florida,US,28.90054,-81.26367
619,New Smyrna Beach,Florida,US,29.02582,-80.927
620,Ormond Beach,Florida,US,29.28581,-81.05589
621,Palm Coast,Florida,US,29.58497,-81.20784
622,Port Orange,Florida,US,29.13832,-80.99561
623,Bristol,Rhode Island,US,41.67705,-71.26616
624,Cranston,Rhode Island,US,41.77982,-71.43728
625,East Providence,Rhode Island,US,41.81371,-71.37005
626,Newport East,Rhode Island,US,41.51579,-71.28752
627,North Providence,Rhode Island,US,41.8501,-71.46617
628,Pawtucket,Rhode Island,US,41.87871,-71.38256
629,Providence,Rhode Island,US,41.82399,-71.41283
630,West Warwick,Rhode Island,US,41.69689,-71.52194
631,Woonsocket,Rhode Island,US,42.00288,-71.51478
632,Bellevue,Nebraska,US,41.13667,-95.89084
633,Columbus,Nebraska,US,41.42973,-97.36838
634,Fremont,Nebraska,US,41.43333,-96.49808
635,Hastings,Nebraska,US,40.58612,-98.38839
636,Lincoln,Nebraska,US,40.8,-96.66696
637,Norfolk,Nebraska,US,42.02834,-97.417
638,Omaha,Nebraska,US,41.25861,-95.93779
639,Atlanta,Georgia,US,33.749,-84.38798
640,Candler-McAfee,Georgia,US,33.72672,-84.27246
641,College Park,Georgia,US,33.65344,-84.44937
642,East Point,Georgia,US,33.67955,-84.43937
643,Forest Park,Georgia,US,33.62205,-84.36909
644,Sandy Springs,Georgia,US,33.92427,-84.37854
645,Tucker,Georgia,US,33.85455,-84.21714
646,Bethany,Oklahoma,US,35.51867,-97.63226
647,Del City,Oklahoma,US,35.44201,-97.44087
648,Edmond,Oklahoma,US,35.65283,-97.4781
649,Midwest City,Oklahoma,US,35.44951,-97.3967
650,Moore,Oklahoma,US,35.33951,-97.4867
651,Norman,Oklahoma,US,35.22257,-97.43948
652,Oklahoma City,Oklahoma,US,35.46756,-97.51643
653,Shawnee,Oklahoma,US,35.32729,-96.9253
654,Stillwater,Oklahoma,US,36.11561,-97.05837
655,Yukon,Oklahoma,US,35.50672,-97.76254
656,Billings,Montana,US,45.78329,-108.50069
657,Bozeman,Montana,US,45.67965,-111.03856
658,Butte,Montana,US,46.00382,-112.53474
659,Great Falls,Montana,US,47.50024,-111.30081
660,Helena,Montana,US,46.59271,-112.03611
661,Missoula,Montana,US,46.87215,-113.994
662,Campbell,California,US,37.28717,-121.94996
663,Gilroy,California,US,37.00578,-121.56828
664,Los Gatos,California,US,37.22661,-121.97468
665,Milpitas,California,US,37.42827,-121.90662
666,Morgan Hill,California,US,37.1305,-121.65439
667,San Jose,California,US,37.33939,-121.89496
668,Santa Clara,California,US,37.35411,-121.95524
669,Saratoga,California,US,37.26383,-122.02301
670,Sunnyvale,California,US,37.36883,-122.03635
671,Beaumont,Texas,US,30.08605,-94.10185
672,Galveston,Texas,US,29.30135,-94.7977
673,Port Arthur,Texas,US,29.88519,-93.94233
674,Texas City,Texas,US,29.38385,-94.9027
675,Annapolis,Maryland,US,38.97845,-76.49218
676,Arbutus,Maryland,US,39.25455,-76.69997
677,Arnold,Maryland,US,39.03206,-76.50274
678,Baltimore,Maryland,US,39.29038,-76.61219
679,Bel Air North,Maryland,US,39.55429,-76.37309
680,Bel Air South,Maryland,US,39.50506,-76.31977
681,Carney,Maryland,US,39.39427,-76.52358
682,Catonsville,Maryland,US,39.27205,-76.73192
683,Columbia,Maryland,US,39.24038,-76.83942
684,Crofton,Maryland,US,39.00178,-76.68747
685,Dundalk,Maryland,US,39.25066,-76.52052
686,Edgewood,Maryland,US,39.41872,-76.2944
687,Eldersburg,Maryland,US,39.40371,-76.95026
688,West Elkridge,Maryland,US,39.20705,-76.72692
689,Ellicott City,Maryland,US,39.26733,-76.79831
690,Essex,Maryland,US,39.30927,-76.47496
691,Glen Burnie,Maryland,US,39.16261,-76.62469
692,Lochearn,Maryland,US,39.34066,-76.72219
693,Middle River,Maryland,US,39.33427,-76.43941
694,Milford Mill,Maryland,US,39.34788,-76.76997
695,Odenton,Maryland,US,39.084,-76.70025
696,Parkville,Maryland,US,39.37733,-76.53969
697,Perry Hall,Maryland,US,39.41261,-76.46357
698,Pikesville,Maryland,US,39.37427,-76.72247
699,Randallstown,Maryland,US,39.36733,-76.79525
700,Reisterstown,Maryland,US,39.46976,-76.8319
701,Salisbury,Maryland,US,38.36067,-75.59937
702,Severn,Maryland,US,39.13705,-76.6983
703,Severna Park,Maryland,US,39.07039,-76.54524
704,South Gate,Maryland,US,39.129,-76.6258
705,Towson,Maryland,US,39.4015,-76.60191
706,Bethel Park,Pennsylvania,US,40.32757,-80.0395
707,McKeesport,Pennsylvania,US,40.34785,-79.86422
708,Mount Lebanon,Pennsylvania,US,40.35535,-80.0495
709,Monroeville,Pennsylvania,US,40.42118,-79.7881
710,Penn Hills,Pennsylvania,US,40.50118,-79.83922
711,Pittsburgh,Pennsylvania,US,40.44062,-79.99589
712,Plum,Pennsylvania,US,40.50035,-79.74949
713,Upper Saint Clair,Pennsylvania,US,40.3359,-80.08339
714,West Mifflin,Pennsylvania,US,40.3634,-79.86644
715,Agawam,Massachusetts,US,42.06954,-72.61481
716,North Chicopee,Massachusetts,US,42.18343,-72.59953
717,Holyoke,Massachusetts,US,42.20426,-72.6162
718,Northampton,Massachusetts,US,42.32509,-72.6412
719,Pittsfield,Massachusetts,US,42.45008,-73.24538
720,West Springfield,Massachusetts,US,42.10704,-72.62037
721,Westfield,Massachusetts,US,42.12509,-72.74954
722,Franklin,Wisconsin,US,42.88863,-88.03842
723,Greenfield,Wisconsin,US,42.9614,-88.01259
724,South Milwaukee,Wisconsin,US,42.91057,-87.86064
725,Oak Creek,Wisconsin,US,42.88585,-87.86314
726,Wauwatosa,Wisconsin,US,43.04946,-88.00759
727,West Allis,Wisconsin,US,43.01668,-88.00703
728,Novato,California,US,38.10742,-122.5697
729,San Anselmo,California,US,37.97465,-122.56164
730,South San Francisco,California,US,37.65466,-122.40775
731,San Rafael,California,US,37.97353,-122.53109
732,Joplin,Missouri,US,37.08423,-94.51328
733,Springfield,Missouri,US,37.21533,-93.29824
734,Ashland,Ohio,US,40.86867,-82.31822
735,Bowling Green,Ohio,US,41.37477,-83.65132
736,Findlay,Ohio,US,41.04422,-83.64993
737,Lima,Ohio,US,40.74255,-84.10523
738,Mansfield,Ohio,US,40.75839,-82.51545
739,Sandusky,Ohio,US,41.44894,-82.70796
740,Toledo,Ohio,US,41.66394,-83.55521
741,Bristol,Tennessee,US,36.59511,-82.18874
742,East Chattanooga,Tennessee,US,35.06535,-85.24912
743,South Cleveland,Tennessee,US,35.14119,-84.87217
744,East Ridge,Tennessee,US,35.01424,-85.2519
745,Johnson City,Tennessee,US,36.31344,-82.35347
746,Kingsport,Tennessee,US,36.54843,-82.56182
747,Morristown,Tennessee,US,36.21398,-83.29489
748,Bellevue,Washington,US,47.61038,-122.20068
749,Bothell,Washington,US,47.76232,-122.2054
750,Fairwood,Washington,US,47.76684,-117.41744
751,Cottage Lake,Washington,US,47.74427,-122.07735
752,Edmonds,Washington,US,47.81065,-122.37736
753,Everett,Washington,US,47.97898,-122.20208
754,Inglewood-Finn Hill,Washington,US,47.72049,-122.23167
755,Kirkland,Washington,US,47.68149,-122.20874
756,Lynnwood,Washington,US,47.82093,-122.31513
757,Mountlake Terrace,Washington,US,47.78815,-122.30874
758,North Creek,Washington,US,47.81954,-122.17624
759,Redmond,Washington,US,47.67399,-122.12151
760,Renton,Washington,US,47.48288,-122.21707
761,City of Sammamish,Washington,US,47.60444,-122.03768
762,Big Spring,Texas,US,32.2504,-101.47874
763,Midland,Texas,US,31.99735,-102.07791
764,West Odessa,Texas,US,31.84235,-102.49876
765,Charlottesville,Virginia,US,38.02931,-78.47668
766,Danville,Virginia,US,36.58597,-79.39502
767,West Lynchburg,Virginia,US,37.4032,-79.17808
768,Cedar City,Utah,US,37.67748,-113.06189
769,North Logan,Utah,US,41.76937,-111.80467
770,Saint George,Utah,US,37.10415,-113.58412
771,Tooele,Utah,US,40.53078,-112.29828
772,Ashtabula,Ohio,US,41.86505,-80.78981
773,Eastlake,Ohio,US,41.65394,-81.45039
774,Elyria,Ohio,US,41.36838,-82.10765
775,Lorain,Ohio,US,41.45282,-82.18237
776,Mentor,Ohio,US,41.66616,-81.33955
777,North Olmsted,Ohio,US,41.4156,-81.92347
778,North Ridgeville,Ohio,US,41.38949,-82.01903
779,North Royalton,Ohio,US,41.31366,-81.72457
780,Parma Heights,Ohio,US,41.39005,-81.75958
781,Rocky River,Ohio,US,41.4756,-81.8393
782,Solon,Ohio,US,41.38978,-81.44123
783,Strongsville,Ohio,US,41.3145,-81.83569
784,Westlake,Ohio,US,41.45532,-81.91792
785,Willoughby,Ohio,US,41.63977,-81.4065
786,La Quinta,California,US,33.66336,-116.31001
787,Oceanside,California,US,33.19587,-117.37948
788,Palm Desert,California,US,33.72255,-116.37697
789,Palm Springs,California,US,33.8303,-116.54529
790,Ridgecrest,California,US,35.62246,-117.6709
791,San Marcos,California,US,33.14337,-117.16614
792,Victorville,California,US,34.53611,-117.29116
793,Vista,California,US,33.20004,-117.24254
794,Apple Valley,California,US,34.50083,-117.18588
795,Barstow,California,US,34.89859,-117.02282
796,Brawley,California,US,32.97866,-115.53027
797,Calexico,California,US,32.67895,-115.49888
798,Carlsbad,California,US,33.15809,-117.35059
799,Cathedral City,California,US,33.77974,-116.46529
800,Coachella,California,US,33.6803,-116.17389
801,El Centro,California,US,32.792,-115.56305
802,Encinitas,California,US,33.03699,-117.29198
803,Escondido,California,US,33.11921,-117.08642
804,Fallbrook,California,US,33.37642,-117.25115
805,Hesperia,California,US,34.42639,-117.30088
806,Indio,California,US,33.7207,-116.21677
807,Albany,Oregon,US,44.63651,-123.10593
808,North Bend,Oregon,US,43.4065,-124.22428
809,Corvallis,Oregon,US,44.56457,-123.26204
810,Gresham,Oregon,US,45.49818,-122.43148
811,Grants Pass,Oregon,US,42.43933,-123.33067
812,Medford,Oregon,US,42.32652,-122.87559
813,Roseburg North,Oregon,US,43.26452,-123.30331
814,Springfield,Oregon,US,44.04624,-123.02203
815,Macon,Georgia,US,32.84069,-83.6324
816,Warner Robins,Georgia,US,32.62098,-83.5999
817,Fayetteville,Arkansas,US,36.06258,-94.15743
818,Fort Smith,Arkansas,US,35.38592,-94.39855
819,Rogers,Arkansas,US,36.33202,-94.11854
820,Russellville,Arkansas,US,35.27842,-93.13379
821,Springdale,Arkansas,US,36.18674,-94.12881
822,Apache Junction,Arizona,US,33.41505,-111.54958
823,Chandler,Arizona,US,33.30616,-111.84125
824,Fountain Hills,Arizona,US,33.61171,-111.71736
825,Gilbert,Arizona,US,33.35283,-111.78903
826,Mesa,Arizona,US,33.41253,-111.83189
827,Scottsdale,Arizona,US,33.50921,-111.89903
828,Tempe,Arizona,US,33.41477,-111.90931
829,Allentown,Pennsylvania,US,40.60843,-75.49018
830,Bethlehem,Pennsylvania,US,40.62593,-75.37046
831,West Chester,Pennsylvania,US,39.96097,-75.60804
832,Drexel Hill,Pennsylvania,US,39.94706,-75.29213
833,Easton,Pennsylvania,US,40.68843,-75.22073
834,Norristown,Pennsylvania,US,40.1215,-75.3399
835,Pottstown,Pennsylvania,US,40.24537,-75.64963
836,Radnor,Pennsylvania,US,40.04622,-75.35991
837,Reading,Pennsylvania,US,40.33565,-75.92687
838,Springfield,Pennsylvania,US,39.93067,-75.32019
839,Benton,Arkansas,US,34.56454,-92.58683
840,Conway,Arkansas,US,35.0887,-92.4421
841,Hot Springs,Arkansas,US,34.5037,-93.05518
842,Jacksonville,Arkansas,US,34.8662,-92.11015
843,North Little Rock,Arkansas,US,34.76954,-92.26709
844,Sherwood,Arkansas,US,34.81509,-92.22432
845,Frankfort,Kentucky,US,38.20091,-84.87328
846,Louisville,Kentucky,US,38.25424,-85.75941
847,Aloha,Oregon,US,45.49428,-122.86705
848,Beaverton,Oregon,US,45.48706,-122.80371
849,Hillsboro,Oregon,US,45.52289,-122.98983
850,Keizer,Oregon,US,44.99012,-123.02621
851,Lake Oswego,Oregon,US,45.42067,-122.67065
852,McMinnville,Oregon,US,45.21012,-123.19872
853,Milwaukie,Oregon,US,45.44623,-122.63926
854,Oregon City,Oregon,US,45.35734,-122.60676
855,Portland,Oregon,US,45.52345,-122.67621
856,Salem,Oregon,US,44.9429,-123.0351
857,Tigard,Oregon,US,45.43123,-122.77149
858,Tualatin,Oregon,US,45.38401,-122.76399
859,West Linn,Oregon,US,45.36568,-122.61231
860,Woodburn,Oregon,US,45.14373,-122.85537
861,Chalmette,Louisiana,US,29.94296,-89.96537
862,Harvey,Louisiana,US,29.90354,-90.07729
863,Kenner,Louisiana,US,29.99409,-90.24174
864,Marrero,Louisiana,US,29.89937,-90.10035
865,Metairie,Louisiana,US,29.98409,-90.15285
866,New Orleans,Louisiana,US,29.95465,-90.07507
867,Terrytown,Louisiana,US,29.91021,-90.03257
868,Albuquerque,New Mexico,US,35.08449,-106.65114
869,Farmington,New Mexico,US,36.72806,-108.21869
870,Gallup,New Mexico,US,35.52808,-108.74258
871,Rio Rancho,New Mexico,US,35.23338,-106.66447
872,Santa Fe,New Mexico,US,35.68698,-105.9378
873,South Valley,New Mexico,US,35.01005,-106.67808
874,Austin,Minnesota,US,43.66663,-92.97464
875,Faribault,Minnesota,US,44.29496,-93.26883
876,North Mankato,Minnesota,US,44.1733,-94.03385
877,Owatonna,Minnesota,US,44.08385,-93.22604
878,Rochester,Minnesota,US,44.02163,-92.4699
879,Winona,Minnesota,US,44.04996,-91.63932
880,Attleboro,Massachusetts,US,41.94454,-71.28561
881,Barnstable,Massachusetts,US,41.70011,-70.29947
882,Brockton,Massachusetts,US,42.08343,-71.01838
883,Fall River,Massachusetts,US,41.70149,-71.15505
884,Framingham,Massachusetts,US,42.27926,-71.41617
885,Franklin,Massachusetts,US,42.08343,-71.39673
886,Marlborough,Massachusetts,US,42.34593,-71.55229
887,Milford,Massachusetts,US,42.13982,-71.51617
888,New Bedford,Massachusetts,US,41.63622,-70.93421
889,Taunton,Massachusetts,US,41.9001,-71.08977
890,Worcester,Massachusetts,US,42.26259,-71.80229
891,Kennewick,Washington,US,46.21125,-119.13723
892,Opportunity,Washington,US,47.64995,-117.23991
893,Pasco,Washington,US,46.23958,-119.10057
894,Pullman,Washington,US,46.73127,-117.17962
895,West Richland,Washington,US,46.3043,-119.36141
896,Spokane,Washington,US,47.65966,-117.42908
897,Walla Walla,Washington,US,46.06458,-118.34302
898,Wenatchee,Washington,US,47.42346,-120.31035
899,Yakima,Washington,US,46.60207,-120.5059
900,Alameda,California,US,37.76521,-122.24164
901,Berkeley,California,US,37.87159,-122.27275
902,Castro Valley,California,US,37.6941,-122.08635
903,El Cerrito,California,US,33.84057,-117.52283
904,Fremont,California,US,37.54827,-121.98857
905,Hayward,California,US,37.66882,-122.0808
906,Newark,California,US,37.52966,-122.04024
907,Oakland,California,US,37.80437,-122.2708
908,Richmond,California,US,37.93576,-122.34775
909,San Leandro,California,US,37.72493,-122.15608
910,San Lorenzo,California,US,37.68104,-122.12441
911,San Pablo,California,US,37.96215,-122.34553
912,Union City,California,US,37.59577,-122.01913
913,Austin,Texas,US,30.26715,-97.74306
914,Cedar Park,Texas,US,30.5052,-97.82029
915,Georgetown,Texas,US,30.63269,-97.67723
916,Round Rock,Texas,US,30.50826,-97.6789
917,San Marcos,Texas,US,29.88327,-97.94139
918,Cincinnati,Ohio,US,39.162,-84.45689
919,Fairfield,Ohio,US,39.34589,-84.5605
920,Hamilton,Ohio,US,39.3995,-84.56134
921,Mason,Ohio,US,39.36006,-84.30994
922,Middletown,Ohio,US,39.51506,-84.39828
923,Norwood,Ohio,US,39.15561,-84.45966
924,Oxford,Ohio,US,39.507,-84.74523
925,Ames,Iowa,US,42.03471,-93.61994
926,Ankeny,Iowa,US,41.72971,-93.60577
927,West Des Moines,Iowa,US,41.57721,-93.71133
928,Fort Dodge,Iowa,US,42.49747,-94.16802
929,Urbandale,Iowa,US,41.62666,-93.71217
930,Baldwin,New York,US,40.65649,-73.6093
931,East Meadow,New York,US,40.71399,-73.55902
932,Elmont,New York,US,40.70094,-73.71291
933,Franklin Square,New York,US,40.70732,-73.67596
934,Freeport,New York,US,40.6576,-73.58318
935,Garden City,New York,US,40.72677,-73.6343
936,Glen Cove,New York,US,40.86232,-73.63374
937,West Hempstead,New York,US,40.70482,-73.65013
938,Hicksville,New York,US,40.76843,-73.52513
939,Levittown,New York,US,40.72593,-73.51429
940,Long Beach,New York,US,40.58844,-73.65791
941,North Massapequa,New York,US,40.70093,-73.46207
942,North Merrick,New York,US,40.69121,-73.56318
943,North Bellmore,New York,US,40.69149,-73.53346
944,Oceanside,New York,US,40.63871,-73.64013
945,Plainview,New York,US,40.77649,-73.46735
946,Rockville Centre,New York,US,40.65871,-73.64124
947,Uniondale,New York,US,40.70038,-73.59291
948,Valley Stream,New York,US,40.66427,-73.70846
949,Adrian,Michigan,US,41.89755,-84.03717
950,Clinton,Michigan,US,42.58698,-82.91992
951,East Lansing,Michigan,US,42.73698,-84.48387
952,Jackson,Michigan,US,42.24587,-84.40135
953,Lansing,Michigan,US,42.73253,-84.55553
954,Okemos,Michigan,US,42.72226,-84.42747
955,West Albany,New York,US,42.68313,-73.77845
956,Rotterdam,New York,US,42.78702,-73.97096
957,Saratoga Springs,New York,US,43.08313,-73.78457
958,Schenectady,New York,US,42.81424,-73.93957
959,Troy,New York,US,42.72841,-73.69179
960,Casa Grande,Arizona,US,32.8795,-111.75735
961,Catalina Foothills,Arizona,US,32.29785,-110.9187
962,Drexel Heights,Arizona,US,32.14119,-111.02843
963,Nogales,Arizona,US,31.34038,-110.93425
964,Oro Valley,Arizona,US,32.39091,-110.96649
965,Sierra Vista,Arizona,US,31.55454,-110.30369
966,Tucson,Arizona,US,32.22174,-110.92648
967,Chico,California,US,39.72849,-121.83748
968,Davis,California,US,38.54491,-121.74052
969,Paradise,California,US,39.75961,-121.62192
970,Redding,California,US,40.58654,-122.39168
971,South Lake Tahoe,California,US,38.93324,-119.98435
972,Woodland,California,US,38.67852,-121.7733
973,Yuba City,California,US,39.14045,-121.61691
974,Bartlesville,Oklahoma,US,36.74731,-95.98082
975,Broken Arrow,Oklahoma,US,36.0526,-95.79082
976,Muskogee,Oklahoma,US,35.74788,-95.36969
977,Tulsa,Oklahoma,US,36.15398,-95.99277
978,Blacksburg,Virginia,US,37.22957,-80.41394
979,Cave Spring,Virginia,US,37.22764,-80.01282
980,Harrisonburg,Virginia,US,38.44957,-78.86892
981,Roanoke,Virginia,US,37.27097,-79.94143
982,Salem,Virginia,US,37.29347,-80.05476
983,Staunton,Virginia,US,38.14991,-79.0732
984,Winchester,Virginia,US,39.18566,-78.16333
985,Clovis,California,US,36.82523,-119.70292
986,Fresno,California,US,36.74773,-119.77237
987,Hanford,California,US,36.32745,-119.64568
988,Madera,California,US,36.96134,-120.06072
989,Porterville,California,US,36.06523,-119.01677
990,Reedley,California,US,36.59634,-119.4504
991,Tulare,California,US,36.20773,-119.34734
992,Visalia,California,US,36.33023,-119.29206
993,Boca Del Mar,Florida,US,26.34508,-80.14671
994,Boca Raton,Florida,US,26.35869,-80.0831
995,Boynton Beach,Florida,US,26.52535,-80.06643
996,Delray Beach,Florida,US,26.46146,-80.07282
997,Jupiter,Florida,US,26.93422,-80.09421
998,Lake Worth,Florida,US,26.61708,-80.07231
999,Palm Beach Gardens,Florida,US,26.82339,-80.13865
1000,Riviera Beach,Florida,US,26.77534,-80.0581
1001,Royal Palm Beach,Florida,US,26.7084,-80.2306
1002,Wellington,Florida,US,26.65868,-80.24144
1003,West Palm Beach,Florida,US,26.71534,-80.05337
1004,Bellflower,California,US,33.88168,-118.11701
1005,Cerritos,California,US,33.85835,-118.06479
1006,Downey,California,US,33.94001,-118.13257
1007,La Habra,California,US,33.93196,-117.94617
1008,La Mirada,California,US,33.91724,-118.01201
1009,Lakewood,California,US,33.85363,-118.13396
1010,Long Beach,California,US,33.76696,-118.18923
1011,Norwalk,California,US,33.90224,-118.08173
1012,Paramount,California,US,33.88946,-118.15979
1013,Pico Rivera,California,US,33.98307,-118.09673
1014,Seal Beach,California,US,33.74141,-118.10479
1015,South Whittier,California,US,33.95015,-118.03917
1016,West Whittier-Los Nietos,California,US,33.976,-118.06909
1017,Whittier,California,US,33.97918,-118.03284
1018,Bettendorf,Iowa,US,41.52448,-90.51569
1019,Clinton,Iowa,US,41.84447,-90.18874
1020,Davenport,Iowa,US,41.52364,-90.57764
1021,Dubuque,Iowa,US,42.50056,-90.66457
1022,Muscatine,Iowa,US,41.42447,-91.04321
1023,Alexandria,Virginia,US,38.80484,-77.04692
1024,Annandale,Virginia,US,38.83039,-77.19637
1025,Arlington,Virginia,US,38.88101,-77.10428
1026,Burke,Virginia,US,38.79345,-77.27165
1027,Centreville,Virginia,US,38.84039,-77.42888
1028,Chantilly,Virginia,US,38.89428,-77.4311
1029,Dale City,Virginia,US,38.63706,-77.31109
1030,Fairfax,Virginia,US,38.84622,-77.30637
1031,Franconia,Virginia,US,38.78206,-77.14637
1032,Groveton,Virginia,US,38.76734,-77.0847
1033,Herndon,Virginia,US,38.96955,-77.3861
1034,Lake Ridge,Virginia,US,38.68789,-77.29776
1035,Leesburg,Virginia,US,39.11566,-77.5636
1036,Manassas,Virginia,US,38.75095,-77.47527
1037,McLean,Virginia,US,38.93428,-77.17748
1038,Mount Vernon,Virginia,US,38.71919,-77.10726
1039,Oakton,Virginia,US,38.88095,-77.30082
1040,Reston,Virginia,US,38.96872,-77.3411
1041,West Springfield,Virginia,US,38.77261,-77.22109
1042,Cape Girardeau,Missouri,US,37.30588,-89.51815
1043,Columbia,Missouri,US,38.95171,-92.33407
1044,Jefferson City,Missouri,US,38.5767,-92.17352
1045,Elkhart,Indiana,US,41.68199,-85.97667
1046,Goshen,Indiana,US,41.58227,-85.83444
1047,Granger,Indiana,US,41.75338,-86.11084
1048,Mishawaka,Indiana,US,41.66199,-86.15862
1049,South Bend,Indiana,US,41.68338,-86.25001
1050,Alamogordo,New Mexico,US,32.89953,-105.96027
1051,Carlsbad,New Mexico,US,32.42067,-104.22884
1052,Clovis,New Mexico,US,34.4048,-103.20523
1053,Hobbs,New Mexico,US,32.70261,-103.13604
1054,Las Cruces,New Mexico,US,32.31232,-106.77834
1055,Roswell,New Mexico,US,33.39437,-104.52491
1056,Altus,Oklahoma,US,34.63813,-99.33398
1057,Ardmore,Oklahoma,US,34.17426,-97.14363
1058,Duncan,Oklahoma,US,34.5023,-97.95781
1059,Enid,Oklahoma,US,36.39559,-97.87839
1060,Lawton,Oklahoma,US,34.60869,-98.39033
1061,Ponca City,Oklahoma,US,36.70698,-97.08559
1062,Brighton,New York,US,43.14756,-77.55055
1063,Irondequoit,New York,US,43.2134,-77.57972
1064,Rochester,New York,US,43.15478,-77.61556
1065,Eastpointe,Michigan,US,42.46837,-82.95547
1066,Roseville,Michigan,US,42.49726,-82.93714
1067,Saint Clair Shores,Michigan,US,42.49698,-82.88881
1068,Sterling Heights,Michigan,US,42.58031,-83.0302
1069,Warren,Michigan,US,42.47754,-83.0277
1070,Clinton,Mississippi,US,32.34153,-90.32176
1071,West Hattiesburg,Mississippi,US,31.31906,-89.37506
1072,Jackson,Mississippi,US,32.29876,-90.18481
1073,Meridian,Mississippi,US,32.36431,-88.70366
1074,Pearl,Mississippi,US,32.27459,-90.13203
1075,Ridgeland,Mississippi,US,32.42848,-90.13231
1076,Vicksburg,Mississippi,US,32.35265,-90.87788
1077,Phoenix,Arizona,US,33.44838,-112.07404
1078,East Concord,New Hampshire,US,43.24202,-71.53813
1079,Derry,New Hampshire,US,42.88064,-71.32729
1080,Dover,New Hampshire,US,43.19786,-70.87367
1081,Keene,New Hampshire,US,42.93369,-72.27814
1082,Manchester,New Hampshire,US,42.99564,-71.45479
1083,Nashua,New Hampshire,US,42.76537,-71.46757
1084,Portsmouth,New Hampshire,US,43.07176,-70.76255
1085,Rochester,New Hampshire,US,43.30453,-70.97562
1086,Aberdeen,South Dakota,US,45.4647,-98.48648
1087,Pierre,South Dakota,US,44.36832,-100.35097
1088,Rapid City,South Dakota,US,44.08054,-103.23101
1089,Sioux Falls,South Dakota,US,43.54997,-96.70033
1090,Watertown,South Dakota,US,44.89941,-97.11507
1091,Ashland,Kentucky,US,38.47841,-82.63794
1092,Binghamton,New York,US,42.09869,-75.91797
1093,Elmira,New York,US,42.0898,-76.80773
1094,Ithaca,New York,US,42.44063,-76.49661
1095,Beloit,Wisconsin,US,42.50835,-89.03178
1096,Fitchburg,Wisconsin,US,42.96083,-89.46984
1097,Janesville,Wisconsin,US,42.68279,-89.01872
1098,North La Crosse,Wisconsin,US,43.84635,-91.24819
1099,Madison,Wisconsin,US,43.07305,-89.40123
1100,Sun Prairie,Wisconsin,US,43.1836,-89.21373
1101,Atlantic City,New Jersey,US,39.36428,-74.42293
1102,Ewing,New Jersey,US,40.26983,-74.79988
1103,Trenton,New Jersey,US,40.21705,-74.74294
1104,Willingboro,New Jersey,US,40.02789,-74.86905
1105,Crystal,Minnesota,US,45.03274,-93.36023
1106,Golden Valley,Minnesota,US,45.00969,-93.34912
1107,Minneapolis,Minnesota,US,44.97997,-93.26384
1108,Richfield,Minnesota,US,44.8833,-93.283
1109,Saint Louis Park,Minnesota,US,44.9483,-93.34801
1110,Columbus,Ohio,US,39.96118,-82.99879
1111,Dublin,Ohio,US,40.09923,-83.11408
1112,Gahanna,Ohio,US,40.01923,-82.87934
1113,Grove City,Ohio,US,39.88145,-83.09296
1114,Hilliard,Ohio,US,40.0334,-83.15825
1115,Reynoldsburg,Ohio,US,39.95479,-82.81212
1116,Upper Arlington,Ohio,US,39.99451,-83.06241
1117,Westerville,Ohio,US,40.12617,-82.92907
1118,Brentwood,Tennessee,US,36.03312,-86.78278
1119,Franklin,Tennessee,US,35.92506,-86.86889
1120,Gallatin,Tennessee,US,36.38838,-86.44666
1121,Hendersonville,Tennessee,US,36.30477,-86.62
1122,Lebanon,Tennessee,US,36.20811,-86.2911
1123,Murfreesboro,Tennessee,US,35.84562,-86.39027
1124,Nashville,Tennessee,US,36.16589,-86.78444
1125,Smyrna,Tennessee,US,35.98284,-86.5186
1126,Forest Hills,Michigan,US,42.95947,-85.48975
1127,Grand Rapids,Michigan,US,42.96336,-85.66809
1128,Holland,Michigan,US,42.78752,-86.10893
1129,Kentwood,Michigan,US,42.86947,-85.64475
1130,Walker,Michigan,US,43.00141,-85.76809
1131,Wyoming,Michigan,US,42.91336,-85.70531
1132,Belmont,Massachusetts,US,42.39593,-71.17867
1133,South Boston,Massachusetts,US,42.33343,-71.04949
1134,Brookline,Massachusetts,US,42.33176,-71.12116
1135,Cambridge,Massachusetts,US,42.3751,-71.10561
1136,Chelsea,Massachusetts,US,42.39176,-71.03283
1137,Everett,Massachusetts,US,42.40843,-71.05366
1138,Milton,Massachusetts,US,42.24954,-71.06616
1139,Newton,Massachusetts,US,42.33704,-71.20922
1140,Quincy,Massachusetts,US,42.25288,-71.00227
1141,Somerville,Massachusetts,US,42.3876,-71.0995
1142,Watertown,Massachusetts,US,42.37093,-71.18283
1143,East Alton,Illinois,US,38.88033,-90.11122
1144,Belleville,Illinois,US,38.52005,-89.98399
1145,Carbondale,Illinois,US,37.72727,-89.21675
1146,Collinsville,Illinois,US,38.67033,-89.98455
1147,East Saint Louis,Illinois,US,38.6245,-90.15094
1148,Edwardsville,Illinois,US,38.81144,-89.95316
1149,Granite City,Illinois,US,38.70144,-90.14872
1150,O'Fallon,Illinois,US,38.59227,-89.91121
1151,Chula Vista,California,US,32.64005,-117.0842
1152,Coronado,California,US,32.68589,-117.18309
1153,El Cajon,California,US,32.79477,-116.96253
1154,Imperial Beach,California,US,32.58394,-117.11308
1155,La Mesa,California,US,32.76783,-117.02308
1156,La Presa,California,US,32.70811,-116.99725
1157,Lemon Grove,California,US,32.74255,-117.03142
1158,National City,California,US,32.67811,-117.0992
1159,Rancho San Diego,California,US,32.74727,-116.9353
1160,San Diego,California,US,32.71533,-117.15726
1161,Santee,California,US,32.83838,-116.97392
1162,Spring Valley,California,US,32.74477,-116.99892
1163,Dodge City,Kansas,US,37.7528,-100.01708
1164,Emporia,Kansas,US,38.4039,-96.18166
1165,Garden City,Kansas,US,37.97169,-100.87266
1166,Hutchinson,Kansas,US,38.06084,-97.92977
1167,Avondale,Arizona,US,33.4356,-112.3496
1168,Glendale,Arizona,US,33.53865,-112.18599
1169,Peoria,Arizona,US,33.5806,-112.23738
1170,Sun City West,Arizona,US,33.66198,-112.34127
1171,Surprise,Arizona,US,33.63059,-112.33322
1172,Alhambra,California,US,34.09529,-118.12701
1173,Altadena,California,US,34.18973,-118.13118
1174,Arcadia,California,US,34.13973,-118.03534
1175,Azusa,California,US,34.13362,-117.90756
1176,Baldwin Park,California,US,34.08529,-117.9609
1177,West Covina,California,US,34.06862,-117.93895
1178,Duarte,California,US,34.13945,-117.97729
1179,South El Monte,California,US,34.05195,-118.04673
1180,Glendora,California,US,34.13612,-117.86534
1181,Hacienda Heights,California,US,33.99307,-117.96868
1182,La Puente,California,US,34.02001,-117.94951
1183,Monrovia,California,US,34.14806,-117.99895
1184,Monterey Park,California,US,34.06251,-118.12285
1185,South Pasadena,California,US,34.11612,-118.15035
1186,Rosemead,California,US,34.08057,-118.07285
1187,Rowland Heights,California,US,33.97612,-117.90534
1188,South San Gabriel,California,US,34.04915,-118.09462
1189,South San Jose Hills,California,US,34.01279,-117.90478
1190,Temple City,California,US,34.10723,-118.05785
1191,Valinda,California,US,34.04529,-117.94367
1192,Walnut,California,US,34.02029,-117.86534
1193,West Puente Valley,California,US,34.05168,-117.9684
1194,North Bay Shore,New York,US,40.73621,-73.26262
1195,Brentwood,New York,US,40.78121,-73.24623
1196,Centereach,New York,US,40.85843,-73.09955
1197,Central Islip,New York,US,40.79065,-73.20178
1198,Commack,New York,US,40.84288,-73.29289
1199,Copiague,New York,US,40.68149,-73.39984
1200,Coram,New York,US,40.86871,-73.00149
1201,Deer Park,New York,US,40.76177,-73.32929
1202,Dix Hills,New York,US,40.80482,-73.33623
1203,East Northport,New York,US,40.87676,-73.32456
1204,East Patchogue,New York,US,40.76704,-72.99622
1205,Hauppauge,New York,US,40.82565,-73.20261
1206,Holbrook,New York,US,40.81232,-73.07844
1207,Huntington Station,New York,US,40.85343,-73.41151
1208,West Islip,New York,US,40.70621,-73.30623
1209,North Lindenhurst,New York,US,40.71427,-73.38151
1210,Medford,New York,US,40.8176,-73.00011
1211,Ronkonkoma,New York,US,40.81538,-73.11233
1212,Selden,New York,US,40.86649,-73.03566
1213,Shirley,New York,US,40.80149,-72.8676
1214,Smithtown,New York,US,40.85593,-73.20067
1215,West Babylon,New York,US,40.71816,-73.35429
1216,Ballwin,Missouri,US,38.59505,-90.54623
1217,Chesterfield,Missouri,US,38.66311,-90.57707
1218,O'Fallon,Missouri,US,38.81061,-90.69985
1219,Saint Charles,Missouri,US,38.78394,-90.48123
1220,Saint Peters,Missouri,US,38.80033,-90.62651
1221,Wildwood,Missouri,US,38.58283,-90.6629
1222,Marshalltown,Iowa,US,42.04943,-92.90798
1223,Mason City,Iowa,US,43.15357,-93.20104
1224,Ottumwa,Iowa,US,41.02001,-92.4113
1225,Belmont,California,US,37.52021,-122.2758
1226,Burlingame,California,US,37.5841,-122.36608
1227,Daly City,California,US,37.70577,-122.46192
1228,East Palo Alto,California,US,37.46883,-122.14108
1229,Foster City,California,US,37.55855,-122.27108
1230,Los Altos,California,US,37.38522,-122.11413
1231,Menlo Park,California,US,37.45383,-122.18219
1232,Millbrae,California,US,37.59855,-122.38719
1233,Mountain View,California,US,37.38605,-122.08385
1234,Pacifica,California,US,37.61383,-122.48692
1235,Palo Alto,California,US,37.44188,-122.14302
1236,Redwood City,California,US,37.48522,-122.23635
1237,San Bruno,California,US,37.63049,-122.41108
1238,San Carlos,California,US,37.50716,-122.26052
1239,San Mateo,California,US,37.56299,-122.32553
1240,Apple Valley,Minnesota,US,44.73191,-93.21772
1241,Cottage Grove,Minnesota,US,44.82774,-92.94382
1242,Eagan,Minnesota,US,44.80413,-93.16689
1243,Inver Grove Heights,Minnesota,US,44.84802,-93.04272
1244,Lakeville,Minnesota,US,44.64969,-93.24272
1245,Maplewood,Minnesota,US,44.95302,-92.99522
1246,New Brighton,Minnesota,US,45.06552,-93.20189
1247,Oakdale,Minnesota,US,44.96302,-92.96494
1248,Roseville,Minnesota,US,45.00608,-93.15661
1249,Shoreview,Minnesota,US,45.07913,-93.14717
1250,South Saint Paul,Minnesota,US,44.89274,-93.03494
1251,Saint Paul,Minnesota,US,44.94441,-93.09327
1252,White Bear Lake,Minnesota,US,45.08469,-93.00994
1253,Woodbury,Minnesota,US,44.92386,-92.95938
1254,Anaheim,California,US,33.83529,-117.9145
1255,Brea,California,US,33.91668,-117.90006
1256,Buena Park,California,US,33.86751,-117.99812
1257,Cypress,California,US,33.81696,-118.03729
1258,Fountain Valley,California,US,33.70918,-117.95367
1259,Fullerton,California,US,33.87029,-117.92534
1260,Garden Grove,California,US,33.77391,-117.94145
1261,Huntington Beach,California,US,33.6603,-117.99923
1262,Orange,California,US,33.78779,-117.85311
1263,Placentia,California,US,33.87224,-117.87034
1264,Santa Ana,California,US,33.74557,-117.86783
1265,Stanton,California,US,33.80252,-117.99312
1266,North Tustin,California,US,33.76446,-117.79394
1267,Westminster,California,US,33.75918,-118.00673
1268,Yorba Linda,California,US,33.88863,-117.81311
1269,Sedalia,Missouri,US,38.70446,-93.22826
1270,Bakersfield,California,US,35.37329,-119.01871
1271,Delano,California,US,35.76884,-119.24705
1272,Lancaster,California,US,34.69804,-118.13674
1273,Oildale,California,US,35.41968,-119.01955
1274,Palmdale,California,US,34.57943,-118.11646
1275,Santa Clarita,California,US,34.39166,-118.54259
1276,Wasco,California,US,35.59412,-119.34095
1277,Clarksdale,Mississippi,US,34.20011,-90.57093
1278,Columbus,Mississippi,US,33.49567,-88.42726
1279,Greenville,Mississippi,US,33.41012,-91.06177
1280,Olive Branch,Mississippi,US,34.96176,-89.82953
1281,Southaven,Mississippi,US,34.98898,-90.01259
1282,Starkville,Mississippi,US,33.45049,-88.81961
1283,Tupelo,Mississippi,US,34.25807,-88.70464
1284,Alpharetta,Georgia,US,34.07538,-84.29409
1285,Douglasville,Georgia,US,33.7515,-84.74771
1286,Duluth,Georgia,US,34.00288,-84.14464
1287,Dunwoody,Georgia,US,33.94621,-84.33465
1288,Gainesville,Georgia,US,34.29788,-83.82407
1289,Griffin,Georgia,US,33.24678,-84.26409
1290,Kennesaw,Georgia,US,34.02343,-84.61549
1291,Lawrenceville,Georgia,US,33.95621,-83.98796
1292,Mableton,Georgia,US,33.81872,-84.58243
1293,Marietta,Georgia,US,33.9526,-84.54993
1294,Peachtree City,Georgia,US,33.39678,-84.59576
1295,Redan,Georgia,US,33.74538,-84.13158
1296,Roswell,Georgia,US,34.02316,-84.36159
1297,Smyrna,Georgia,US,33.88399,-84.51438
1298,Bedford,Texas,US,32.84402,-97.14307
1299,Benbrook,Texas,US,32.67319,-97.46058
1300,Burleson,Texas,US,32.54208,-97.32085
1301,Cleburne,Texas,US,32.34764,-97.38668
1302,Euless,Texas,US,32.83707,-97.08195
1303,Fort Worth,Texas,US,32.72541,-97.32085
1304,Grapevine,Texas,US,32.93429,-97.07807
1305,Haltom City,Texas,US,32.79957,-97.26918
1306,Hurst,Texas,US,32.82346,-97.17057
1307,Keller,Texas,US,32.93457,-97.25168
1308,Mansfield,Texas,US,32.56319,-97.14168
1309,North Richland Hills,Texas,US,32.8343,-97.2289
1310,Southlake,Texas,US,32.94124,-97.13418
1311,Watauga,Texas,US,32.85791,-97.25474
1312,Bismarck,North Dakota,US,46.80833,-100.78374
1313,West Fargo,North Dakota,US,46.87497,-96.90036
1314,Grand Forks,North Dakota,US,47.92526,-97.03285
1315,Minot,North Dakota,US,48.23251,-101.29627
1316,Henderson,Nevada,US,36.0397,-114.98194
1317,North Las Vegas,Nevada,US,36.19886,-115.1175
1318,Paradise,Nevada,US,36.09719,-115.14666
1319,Spring Valley,Nevada,US,36.10803,-115.245
1320,Sunrise Manor,Nevada,US,36.21108,-115.07306
1321,Winchester,Nevada,US,36.12997,-115.11889
1322,Charlotte,North Carolina,US,35.22709,-80.84313
1323,Concord,North Carolina,US,35.40888,-80.58158
1324,South Gastonia,North Carolina,US,35.2193,-81.20563
1325,Huntersville,North Carolina,US,35.41069,-80.84285
1326,Kannapolis,North Carolina,US,35.48736,-80.62173
1327,Matthews,North Carolina,US,35.11681,-80.72368
1328,Monroe,North Carolina,US,34.98543,-80.54951
1329,Salisbury,North Carolina,US,35.67097,-80.47423
1330,Statesville,North Carolina,US,35.78264,-80.8873
1331,Athens,Georgia,US,33.96095,-83.37794
1332,Augusta,Georgia,US,33.47097,-81.97484
1333,Columbus,Georgia,US,32.46098,-84.98771
1334,Dalton,Georgia,US,34.7698,-84.97022
1335,La Grange,Georgia,US,33.03929,-85.03133
1336,Martinez,Georgia,US,33.51736,-82.07567
1337,Rome,Georgia,US,34.25704,-85.16467
1338,Benicia,California,US,38.04937,-122.15858
1339,Eureka,California,US,40.80207,-124.16367
1340,Fairfield,California,US,38.24936,-122.03997
1341,Napa,California,US,38.29714,-122.28553
1342,Petaluma,California,US,38.23242,-122.63665
1343,Rohnert Park,California,US,38.33964,-122.7011
1344,Santa Rosa,California,US,38.44047,-122.71443
1345,Suisun,California,US,38.23825,-122.04024
1346,Vacaville,California,US,38.35658,-121.98774
1347,Vallejo,California,US,38.10409,-122.25664
1348,Windsor,California,US,38.54713,-122.81638
1349,Bellwood,Illinois,US,41.88142,-87.88312
1350,Berwyn,Illinois,US,41.85059,-87.79367
1351,Blue Island,Illinois,US,41.65726,-87.68005
1352,Burbank,Illinois,US,41.73392,-87.7795
1353,Calumet City,Illinois,US,41.61559,-87.52949
1354,Chicago Heights,Illinois,US,41.50615,-87.6356
1355,Cicero,Illinois,US,41.84559,-87.75394
1356,Dolton,Illinois,US,41.63892,-87.60727
1357,Elmwood Park,Illinois,US,41.92114,-87.80923
1358,Evergreen Park,Illinois,US,41.72059,-87.70172
1359,Harvey,Illinois,US,41.61003,-87.64671
1360,Lansing,Illinois,US,41.56476,-87.53893
1361,Maywood,Illinois,US,41.8792,-87.84312
1362,Melrose Park,Illinois,US,41.90059,-87.85673
1363,Oak Forest,Illinois,US,41.60281,-87.74394
1364,Oak Lawn,Illinois,US,41.71087,-87.75811
1365,Oak Park,Illinois,US,41.88503,-87.7845
1366,Orland Park,Illinois,US,41.63031,-87.85394
1367,Park Forest,Illinois,US,41.49142,-87.67449
1368,South Holland,Illinois,US,41.60087,-87.60699
1369,Tinley Park,Illinois,US,41.57337,-87.78449
1370,Council Bluffs,Iowa,US,41.26194,-95.86083
1371,Sioux City,Iowa,US,42.49999,-96.40031
1372,Eau Claire,Wisconsin,US,44.81135,-91.49849
1373,Stevens Point,Wisconsin,US,44.52358,-89.57456
1374,Superior,Wisconsin,US,46.72077,-92.10408
1375,Wausau,Wisconsin,US,44.95914,-89.63012
1376,Buffalo,New York,US,42.88645,-78.87837
1377,Cheektowaga,New York,US,42.90339,-78.75475
1378,Jamestown,New York,US,42.097,-79.23533
1379,South Lockport,New York,US,43.15006,-78.6967
1380,Niagara Falls,New York,US,43.0945,-79.05671
1381,North Tonawanda,New York,US,43.03867,-78.8642
1382,Tonawanda,New York,US,42.98499,-78.87798
1383,West Seneca,New York,US,42.85006,-78.79975
1384,Harrisburg,Pennsylvania,US,40.2737,-76.88442
1385,Lancaster,Pennsylvania,US,40.03788,-76.30551
1386,Lebanon,Pennsylvania,US,40.34093,-76.41135
1387,York,Pennsylvania,US,39.9626,-76.72774
1388,Colorado Springs,Colorado,US,38.83388,-104.82136
1389,Pueblo West,Colorado,US,38.35,-104.72275
1390,Security-Widefield,Colorado,US,38.74728,-104.71439
1391,New Castle,Pennsylvania,US,41.00367,-80.34701
1392,Bayonet Point,Florida,US,28.32667,-82.68343
1393,Clearwater,Florida,US,27.96585,-82.8001
1394,Dunedin,Florida,US,28.0199,-82.77323
1395,Holiday,Florida,US,28.18779,-82.73955
1396,Largo,Florida,US,27.90979,-82.78842
1397,Lealman,Florida,US,27.82114,-82.67927
1398,Palm Harbor,Florida,US,28.07807,-82.76371
1399,Pinellas Park,Florida,US,27.8428,-82.69954
1400,Saint Petersburg,Florida,US,27.77086,-82.67927
1401,Tarpon Springs,Florida,US,28.14612,-82.75677
1402,Jackson,Tennessee,US,35.61452,-88.81395
1403,Carteret,New Jersey,US,40.57733,-74.2282
1404,East Brunswick,New Jersey,US,40.42788,-74.41598
1405,Edison,New Jersey,US,40.51872,-74.4121
1406,Lakewood,New Jersey,US,40.09789,-74.21764
1407,West Long Branch,New Jersey,US,40.29039,-74.01764
1408,New Brunswick,New Jersey,US,40.48622,-74.45182
1409,North Plainfield,New Jersey,US,40.6301,-74.42737
1410,South Old Bridge,New Jersey,US,40.40816,-74.35432
1411,Perth Amboy,New Jersey,US,40.50677,-74.26542
1412,Rahway,New Jersey,US,40.60816,-74.27765
1413,Sayreville,New Jersey,US,40.45927,-74.36098
1414,Somerset,New Jersey,US,40.4976,-74.48849
1415,Toms River,New Jersey,US,39.95373,-74.19792
1416,Ann Arbor,Michigan,US,42.27756,-83.74088
1417,Canton,Michigan,US,42.30865,-83.48216
1418,Garden City,Michigan,US,42.32559,-83.33104
1419,Livonia,Michigan,US,42.36837,-83.35271
1420,South Monroe,Michigan,US,41.89588,-83.41771
1421,Plymouth,Michigan,US,42.37143,-83.47021
1422,Romulus,Michigan,US,42.22226,-83.3966
1423,Southgate,Michigan,US,42.21393,-83.19381
1424,Westland,Michigan,US,42.3242,-83.40021
1425,Wyandotte,Michigan,US,42.21421,-83.14992
1426,Ypsilanti,Michigan,US,42.24115,-83.61299
1427,Agoura Hills,California,US,34.13639,-118.77453
1428,Burbank,California,US,34.18084,-118.30897
1429,Calabasas,California,US,34.15778,-118.63842
1430,North Glendale,California,US,34.16056,-118.26452
1431,La Caada Flintridge,California,US,34.19917,-118.18785
1432,San Fernando,California,US,34.28195,-118.43897
1433,Coconut Creek,Florida,US,26.25175,-80.17894
1434,Cooper City,Florida,US,26.05731,-80.27172
1435,Coral Springs,Florida,US,26.27119,-80.2706
1436,Dania Beach,Florida,US,26.05231,-80.14393
1437,Davie,Florida,US,26.06287,-80.2331
1438,Deerfield Beach,Florida,US,26.31841,-80.09977
1439,Fort Lauderdale,Florida,US,26.12231,-80.14338
1440,Hallandale Beach,Florida,US,25.9812,-80.14838
1441,Hollywood,Florida,US,26.0112,-80.14949
1442,Lauderdale Lakes,Florida,US,26.16647,-80.20838
1443,Lauderhill,Florida,US,26.14036,-80.21338
1444,Margate,Florida,US,26.24453,-80.20644
1445,North Lauderdale,Florida,US,26.2173,-80.22588
1446,Pembroke Pines,Florida,US,26.00315,-80.22394
1447,Plantation,Florida,US,26.13421,-80.23184
1448,Pompano Beach,Florida,US,26.23786,-80.12477
1449,Sunrise,Florida,US,26.13397,-80.1131
1450,Tamarac,Florida,US,26.21286,-80.24977
1451,Weston,Florida,US,26.10037,-80.39977
1452,Chesapeake,Virginia,US,36.81904,-76.27494
1453,Hampton,Virginia,US,37.02987,-76.34522
1454,Newport News,Virginia,US,36.97876,-76.428
1455,Norfolk,Virginia,US,36.84681,-76.28522
1456,Portsmouth,Virginia,US,36.83543,-76.29827
1457,Suffolk,Virginia,US,36.72836,-76.58496
1458,Virginia Beach,Virginia,US,36.85293,-75.97799
1459,Blaine,Minnesota,US,45.1608,-93.23495
1460,Brooklyn Center,Minnesota,US,45.07608,-93.33273
1461,Brooklyn Park,Minnesota,US,45.09413,-93.35634
1462,Champlin,Minnesota,US,45.18885,-93.39745
1463,West Coon Rapids,Minnesota,US,45.15969,-93.34967
1464,Fridley,Minnesota,US,45.08608,-93.26328
1465,Maple Grove,Minnesota,US,45.07246,-93.45579
1466,New Hope,Minnesota,US,45.03802,-93.38662
1467,Plymouth,Minnesota,US,45.01052,-93.45551
1468,Anderson,Indiana,US,40.10532,-85.68025
1469,Kokomo,Indiana,US,40.48643,-86.1336
1470,West Lafayette,Indiana,US,40.42587,-86.90807
1471,Marion,Indiana,US,40.55837,-85.65914
1472,Muncie,Indiana,US,40.19338,-85.38636
1473,Richmond,Indiana,US,39.82894,-84.89024
1474,Fort Pierce South,Florida,US,27.40962,-80.35483
1475,Palm City,Florida,US,27.16783,-80.26616
1476,Port Saint Lucie,Florida,US,27.29393,-80.35033
1477,Vero Beach South,Florida,US,27.61638,-80.41308
1478,Carson City,Nevada,US,39.1638,-119.7674
1479,Pahrump,Nevada,US,36.20829,-115.98391
1480,Reno,Nevada,US,39.52963,-119.8138
1481,Sparks,Nevada,US,39.53491,-119.75269
1482,Belvidere,Illinois,US,42.26391,-88.84427
1483,Crystal Lake,Illinois,US,42.24113,-88.3162
1484,DeKalb,Illinois,US,41.92947,-88.75036
1485,Freeport,Illinois,US,42.29669,-89.62123
1486,Joliet,Illinois,US,41.52519,-88.0834
1487,Kankakee,Illinois,US,41.12003,-87.86115
1488,Loves Park,Illinois,US,42.32002,-89.05816
1489,Machesney Park,Illinois,US,42.34724,-89.039
1490,McHenry,Illinois,US,42.33335,-88.26675
1491,Rockford,Illinois,US,42.27113,-89.094
1492,Romeoville,Illinois,US,41.64753,-88.08951
1493,Woodstock,Illinois,US,42.31474,-88.4487
1494,Hays,Kansas,US,38.87918,-99.32677
1495,Lawrence,Kansas,US,38.97167,-95.23525
1496,Manhattan,Kansas,US,39.18361,-96.57167
1497,Salina,Kansas,US,38.84028,-97.61142
1498,Topeka,Kansas,US,39.04833,-95.67804
1499,South Burlington,Vermont,US,44.46699,-73.17096
1500,Montpelier,Vermont,US,44.26006,-72.57539
1501,Aiken,South Carolina,US,33.56042,-81.71955
1502,West Columbia,South Carolina,US,33.99349,-81.07398
1503,Rock Hill,South Carolina,US,34.92487,-81.02508
1504,Saint Andrews,South Carolina,US,34.04543,-81.12926
1505,Sumter,South Carolina,US,33.92044,-80.34147
1506,Hopewell,Virginia,US,37.30432,-77.2872
1507,Mechanicsville,Virginia,US,37.60876,-77.37331
1508,Petersburg,Virginia,US,37.22793,-77.40193
1509,Tuckahoe,Virginia,US,37.59015,-77.55638
1510,Atascadero,California,US,35.48942,-120.67073
1511,Camarillo,California,US,34.21639,-119.0376
1512,Paso Robles,California,US,35.62664,-120.691
1513,Goleta,California,US,34.43583,-119.82764
1514,Lompoc,California,US,34.63915,-120.45794
1515,Moorpark,California,US,34.28556,-118.88204
1516,Orcutt,California,US,34.86526,-120.436
1517,Oxnard,California,US,34.1975,-119.17705
1518,Port Hueneme,California,US,34.14778,-119.19511
1519,Ventura,California,US,34.27834,-119.29317
1520,San Luis Obispo,California,US,35.28275,-120.65962
1521,Santa Barbara,California,US,34.42083,-119.69819
1522,Santa Maria,California,US,34.95303,-120.43572
1523,Santa Paula,California,US,34.35417,-119.05927
1524,Simi Valley,California,US,34.26945,-118.78148
1525,Thousand Oaks,California,US,34.17056,-118.83759
1526,Amarillo,Texas,US,35.222,-101.8313
1527,Lubbock,Texas,US,33.57786,-101.85517
1528,Plainview,Texas,US,34.18479,-101.70684
1529,Hilo,Hawaii,US,19.72991,-155.09073
1530,Honolulu,Hawaii,US,21.30694,-157.85833
1531,Kahului,Hawaii,US,20.88953,-156.47432
1532,Kailua-Kona,Hawaii,US,19.63927,-155.99024
1533,Kneohe,Hawaii,US,21.39994,-157.79895
1534,Mililani Town,Hawaii,US,21.45,-158.00111
1535,Pearl City,Hawaii,US,21.39734,-157.97516
1536,Waimalu,Hawaii,US,21.40472,-157.94333
1537,Waipahu,Hawaii,US,21.38667,-158.00917
1538,Burton,Michigan,US,42.99947,-83.61634
1539,Flint,Michigan,US,43.01253,-83.68746
1540,Port Huron,Michigan,US,42.97086,-82.42491
1541,Bloomington,Indiana,US,39.16533,-86.52639
1542,Clarksville,Indiana,US,38.29674,-85.75996
1543,Columbus,Indiana,US,39.20144,-85.92138
1544,Evansville,Indiana,US,37.97476,-87.55585
1545,Jeffersonville,Indiana,US,38.27757,-85.73718
1546,New Albany,Indiana,US,38.28562,-85.82413
1547,Terre Haute,Indiana,US,39.4667,-87.41391
1548,Brandon,Florida,US,27.9378,-82.28592
1549,Citrus Park,Florida,US,28.07835,-82.56982
1550,Greater Northdale,Florida,US,28.10545,-82.52594
1551,Lake Magdalene,Florida,US,28.07418,-82.47176
1552,Land O' Lakes,Florida,US,28.2189,-82.45759
1553,Plant City,Florida,US,28.01888,-82.11469
1554,Tampa,Florida,US,27.94752,-82.45843
1555,Temple Terrace,Florida,US,28.0353,-82.38926
1556,Town 'n' Country,Florida,US,28.01057,-82.57732
1557,Altoona,Pennsylvania,US,40.51868,-78.39474
1558,Erie,Pennsylvania,US,42.12922,-80.08506
1559,Johnstown,Pennsylvania,US,40.32674,-78.92197
1560,State College,Pennsylvania,US,40.79339,-77.86
1561,Belton,Missouri,US,38.81195,-94.5319
1562,Blue Springs,Missouri,US,39.01695,-94.28161
1563,Gladstone,Missouri,US,39.20389,-94.55468
1564,Grandview,Missouri,US,38.88584,-94.53301
1565,Independence,Missouri,US,39.09112,-94.41551
1566,Kansas City,Missouri,US,39.09973,-94.57857
1567,Lee's Summit,Missouri,US,38.91084,-94.38217
1568,Liberty,Missouri,US,39.24611,-94.41912
1569,Raytown,Missouri,US,39.00862,-94.46356
1570,Saint Joseph,Missouri,US,39.76861,-94.84663
1571,Asheville,North Carolina,US,35.60095,-82.55402
1572,Hickory,North Carolina,US,35.73319,-81.3412
1573,Del Rio,Texas,US,29.36273,-100.89676
1574,Eagle Pass,Texas,US,28.70914,-100.49952
1575,Kerrville,Texas,US,30.04743,-99.14032
1576,New Braunfels,Texas,US,29.703,-98.12445
1577,Seguin,Texas,US,29.56884,-97.96473
1578,Hollister,California,US,36.85245,-121.4016
1579,Marina,California,US,36.6844,-121.80217
1580,Monterey,California,US,36.60024,-121.89468
1581,Salinas,California,US,36.67774,-121.6555
1582,Santa Cruz,California,US,36.97412,-122.0308
1583,Seaside,California,US,36.61107,-121.85162
1584,Watsonville,California,US,36.91023,-121.75689
1585,North Charleston,South Carolina,US,32.85462,-79.97481
1586,Florence,South Carolina,US,34.19543,-79.76256
1587,Goose Creek,South Carolina,US,32.98101,-80.03259
1588,Hilton Head Island,South Carolina,US,32.21632,-80.75261
1589,Mount Pleasant,South Carolina,US,32.79407,-79.86259
1590,North Myrtle Beach,South Carolina,US,33.81601,-78.68002
1591,Summerville,South Carolina,US,33.0185,-80.17565
1592,Kingston,New York,US,41.92704,-73.99736
1593,Middletown,New York,US,41.44593,-74.42293
1594,New City,New York,US,41.1476,-73.98931
1595,Newburgh,New York,US,41.50343,-74.01042
1596,Poughkeepsie,New York,US,41.70037,-73.92097
1597,Spring Valley,New York,US,41.11315,-74.04375
1598,Bellview,Florida,US,30.46159,-87.31497
1599,Brent,Florida,US,30.46881,-87.23608
1600,Ferry Pass,Florida,US,30.5102,-87.21247
1601,Fort Walton Beach,Florida,US,30.42077,-86.61939
1602,Panama City,Florida,US,30.15946,-85.65983
1603,West Pensacola,Florida,US,30.42659,-87.27969
1604,Tallahassee,Florida,US,30.43826,-84.28073
1605,Wright,Florida,US,30.45575,-86.63829
1606,Bridgeton,New Jersey,US,39.42734,-75.23408
1607,Camden,New Jersey,US,39.92595,-75.11962
1608,Cherry Hill,New Jersey,US,39.93484,-75.03073
1609,Millville,New Jersey,US,39.40206,-75.03934
1610,Pennsauken,New Jersey,US,39.95622,-75.05795
1611,Vineland,New Jersey,US,39.48623,-75.02573
1612,Poway,California,US,32.96282,-117.03586
1613,Covington,Kentucky,US,39.08367,-84.50855
1614,Florence,Kentucky,US,38.99895,-84.62661
1615,Lexington,Kentucky,US,37.98869,-84.47772
1616,Richmond,Kentucky,US,37.74786,-84.29465
1617,Bristol,Connecticut,US,41.67176,-72.94927
1618,Manchester,Connecticut,US,41.77593,-72.52148
1619,East Hartford,Connecticut,US,41.78232,-72.61203
1620,West Hartford,Connecticut,US,41.76204,-72.74204
1621,Middletown,Connecticut,US,41.56232,-72.65065
1622,New Britain,Connecticut,US,41.66121,-72.77954
1623,New London,Connecticut,US,41.35565,-72.09952
1624,Newington,Connecticut,US,41.69788,-72.72371
1625,Norwich,Connecticut,US,41.52426,-72.07591
1626,West Torrington,Connecticut,US,41.81843,-73.14372
1627,Wethersfield,Connecticut,US,41.71427,-72.65259
1628,Belleville,New Jersey,US,40.79371,-74.15014
1629,Bloomfield,New Jersey,US,40.80677,-74.18542
1630,Clifton,New Jersey,US,40.85843,-74.16376
1631,East Orange,New Jersey,US,40.76732,-74.20487
1632,Garfield,New Jersey,US,40.88149,-74.1132
1633,Hillside,New Jersey,US,40.70121,-74.23015
1634,Irvington,New Jersey,US,40.73232,-74.23487
1635,Livingston,New Jersey,US,40.79593,-74.31487
1636,Lodi,New Jersey,US,40.88232,-74.0832
1637,Maplewood,New Jersey,US,40.73121,-74.27348
1638,Montclair,New Jersey,US,40.82593,-74.20903
1639,Morristown,New Jersey,US,40.79677,-74.48154
1640,Newark,New Jersey,US,40.73566,-74.17237
1641,Nutley,New Jersey,US,40.82232,-74.15987
1642,West Orange,New Jersey,US,40.79871,-74.23904
1643,Passaic,New Jersey,US,40.85677,-74.12848
1644,Paterson,New Jersey,US,40.91677,-74.17181
1645,Wayne,New Jersey,US,40.92538,-74.27654
1646,West Milford,New Jersey,US,41.13121,-74.36737
1647,Lakeland,Florida,US,28.03947,-81.9498
1648,Winter Haven,Florida,US,28.02224,-81.73286
1649,Anderson,South Carolina,US,34.50344,-82.65013
1650,Greenville,South Carolina,US,34.85262,-82.39401
1651,Greenwood,South Carolina,US,34.1954,-82.16179
1652,Spartanburg,South Carolina,US,34.94957,-81.93205
1653,Taylors,South Carolina,US,34.92039,-82.29623
1654,Wade Hampton,South Carolina,US,34.90373,-82.33317
1655,Knoxville,Tennessee,US,35.96064,-83.92074
1656,Maryville,Tennessee,US,35.75647,-83.97046
1657,Oak Ridge,Tennessee,US,36.01036,-84.26964
1658,El Dorado,Arkansas,US,33.20763,-92.66627
1659,Jonesboro,Arkansas,US,35.8423,-90.70428
1660,Paragould,Arkansas,US,36.0584,-90.49733
1661,Pine Bluff,Arkansas,US,34.22843,-92.0032
1662,Texarkana,Arkansas,US,33.44179,-94.03769
1663,West Memphis,Arkansas,US,35.14648,-90.18454
1664,Bartlett,Tennessee,US,35.20453,-89.87398
1665,Collierville,Tennessee,US,35.04204,-89.66453
1666,Germantown,Tennessee,US,35.08676,-89.81009
1667,Memphis,Tennessee,US,35.14953,-90.04898
1668,Corsicana,Texas,US,32.09543,-96.46887
1669,Denison,Texas,US,33.75566,-96.53666
1670,Greenville,Texas,US,33.13845,-96.11081
1671,Longview,Texas,US,32.5007,-94.74049
1672,Marshall,Texas,US,32.54487,-94.36742
1673,Paris,Texas,US,33.66094,-95.55551
1674,Sherman,Texas,US,33.63566,-96.60888
1675,Texarkana,Texas,US,33.42513,-94.04769
1676,Tyler,Texas,US,32.35126,-95.30106
1677,Jacksonville,Florida,US,30.33218,-81.65565
1678,Jacksonville Beach,Florida,US,30.29469,-81.39314
1679,Lakeside,Florida,US,30.12996,-81.76815
1680,Anchorage,Alaska,US,61.21806,-149.90028
1681,College,Alaska,US,64.85694,-147.80278
1682,Fairbanks,Alaska,US,64.83778,-147.71639
1683,Juneau,Alaska,US,58.30194,-134.41972
1684,Ketchikan,Alaska,US,55.34225,-131.64784
1685,Sitka,Alaska,US,57.05315,-135.33088
1686,Cranford,New Jersey,US,40.65844,-74.29959
1687,Elizabeth,New Jersey,US,40.66399,-74.2107
1688,Linden,New Jersey,US,40.62205,-74.24459
1689,South Plainfield,New Jersey,US,40.57927,-74.41154
1690,Roselle,New Jersey,US,40.65223,-74.25882
1691,Scotch Plains,New Jersey,US,40.65538,-74.38987
1692,Summit,New Jersey,US,40.74149,-74.35959
1693,Westfield,New Jersey,US,40.65899,-74.34737
1694,Chino,California,US,34.01223,-117.68894
1695,Chino Hills,California,US,33.9938,-117.75888
1696,Claremont,California,US,34.09668,-117.71978
1697,Colton,California,US,34.0739,-117.31365
1698,Diamond Bar,California,US,34.02862,-117.81034
1699,Fontana,California,US,34.09223,-117.43505
1700,Highland,California,US,34.12834,-117.20865
1701,La Verne,California,US,34.10084,-117.76784
1702,Montclair,California,US,34.07751,-117.68978
1703,Ontario,California,US,34.06334,-117.65089
1704,Pomona,California,US,34.05529,-117.75228
1705,Rancho Cucamonga,California,US,34.1064,-117.59311
1706,Redlands,California,US,34.05557,-117.18254
1707,Rialto,California,US,34.1064,-117.37032
1708,San Bernardino,California,US,34.10834,-117.28977
1709,San Dimas,California,US,34.10668,-117.80673
1710,Upland,California,US,34.09751,-117.64839
1711,Yucaipa,California,US,34.03363,-117.04309
1712,Fayetteville,North Carolina,US,35.05266,-78.87836
1713,Fort Bragg,North Carolina,US,35.139,-79.00603
1714,Jacksonville,North Carolina,US,34.75405,-77.43024
1715,Lumberton,North Carolina,US,34.61834,-79.01045
1716,Wilmington,North Carolina,US,34.22573,-77.94471
1717,Hinesville,Georgia,US,31.84688,-81.59595
1718,Savannah,Georgia,US,32.08354,-81.09983
1719,Statesboro,Georgia,US,32.44879,-81.78317
1720,Kansas City,Kansas,US,39.11417,-94.62746
1721,Leavenworth,Kansas,US,39.31111,-94.92246
1722,Leawood,Kansas,US,38.96667,-94.6169
1723,Lenexa,Kansas,US,38.95362,-94.73357
1724,Olathe,Kansas,US,38.8814,-94.81913
1725,Overland Park,Kansas,US,38.98223,-94.67079
1726,Prairie Village,Kansas,US,38.99167,-94.63357
1727,Shawnee,Kansas,US,39.04167,-94.72024
1728,Harrison,New York,US,40.96899,-73.71263
1729,Mount Vernon,New York,US,40.9126,-73.83708
1730,New Rochelle,New York,US,40.91149,-73.78235
1731,Ossining,New York,US,41.16287,-73.86152
1732,Peekskill,New York,US,41.29009,-73.92042
1733,Port Chester,New York,US,41.00176,-73.66568
1734,White Plains,New York,US,41.03399,-73.76291
1735,Yonkers,New York,US,40.93121,-73.89875
1736,El Paso,Texas,US,31.75872,-106.48693
1737,Socorro,Texas,US,31.65456,-106.30331
1738,Arden-Arcade,California,US,38.6025,-121.37854
1739,Carmichael,California,US,38.61713,-121.32828
1740,Citrus Heights,California,US,38.70712,-121.28106
1741,Elk Grove,California,US,38.4088,-121.37162
1742,North Fair Oaks,California,US,37.47438,-122.19663
1743,Florin,California,US,38.49602,-121.40884
1744,Folsom,California,US,38.67796,-121.17606
1745,La Riviera,California,US,38.56685,-121.3569
1746,Laguna,California,US,38.42102,-121.42384
1747,North Highlands,California,US,38.68574,-121.37217
1748,Orangevale,California,US,38.67851,-121.22578
1749,Rancho Cordova,California,US,38.58907,-121.30273
1750,Rocklin,California,US,38.79073,-121.23578
1751,Rosemont,California,US,38.55185,-121.36467
1752,Roseville,California,US,38.75212,-121.28801
1753,West Sacramento,California,US,38.58046,-121.53023
1754,Apex,North Carolina,US,35.73265,-78.85029
1755,Cary,North Carolina,US,35.79154,-78.78112
1756,Chapel Hill,North Carolina,US,35.9132,-79.05584
1757,Durham,North Carolina,US,35.99403,-78.89862
1758,Goldsboro,North Carolina,US,35.38488,-77.99277
1759,West Raleigh,North Carolina,US,35.78682,-78.66389
1760,Sanford,North Carolina,US,35.47988,-79.1803
1761,Appleton,Wisconsin,US,44.26193,-88.41538
1762,De Pere,Wisconsin,US,44.44888,-88.06038
1763,North Fond du Lac,Wisconsin,US,43.81138,-88.48344
1764,Green Bay,Wisconsin,US,44.51916,-88.01983
1765,Manitowoc,Wisconsin,US,44.08861,-87.65758
1766,Neenah,Wisconsin,US,44.18582,-88.46261
1767,Oshkosh,Wisconsin,US,44.02471,-88.54261
1768,Sheboygan,Wisconsin,US,43.75083,-87.71453
1769,Watertown,Wisconsin,US,43.19472,-88.72899
1770,Antioch,California,US,38.00492,-121.80579
1771,Bay Point,California,US,38.02909,-121.96163
1772,Brentwood,California,US,37.93187,-121.69579
1773,Concord,California,US,37.97798,-122.03107
1774,Danville,California,US,37.82159,-121.99996
1775,Dublin,California,US,37.70215,-121.93579
1776,Lafayette,California,US,37.88576,-122.11802
1777,Livermore,California,US,37.68187,-121.76801
1778,Martinez,California,US,38.01937,-122.13413
1779,Oakley,California,US,37.99742,-121.71245
1780,Pittsburg,California,US,38.02798,-121.88468
1781,Pleasant Hill,California,US,37.94798,-122.0608
1782,Pleasanton,California,US,37.66243,-121.87468
1783,San Ramon,California,US,37.77993,-121.97802
1784,Walnut Creek,California,US,37.90631,-122.06496
1785,Bullhead City,Arizona,US,35.14778,-114.5683
1786,Flagstaff,Arizona,US,35.19807,-111.65127
1787,Fortuna Foothills,Arizona,US,32.65783,-114.41189
1788,Kingman,Arizona,US,35.18944,-114.05301
1789,Lake Havasu City,Arizona,US,34.4839,-114.32245
1790,Prescott,Arizona,US,34.54002,-112.4685
1791,Prescott Valley,Arizona,US,34.61002,-112.31572
1792,Yuma,Arizona,US,32.72532,-114.6244
1793,Clarksville,Tennessee,US,36.52977,-87.35945
1794,Columbia,Tennessee,US,35.61507,-87.03528
1795,Cookeville,Tennessee,US,36.16284,-85.50164
1796,Conroe,Texas,US,30.31188,-95.45605
1797,Huntsville,Texas,US,30.72353,-95.55078
1798,Lufkin,Texas,US,31.33824,-94.7291
1799,Nacogdoches,Texas,US,31.60351,-94.65549
1800,Beavercreek,Ohio,US,39.70923,-84.06327
1801,Centerville,Ohio,US,39.62839,-84.15938
1802,Dayton,Ohio,US,39.75895,-84.19161
1803,Fairborn,Ohio,US,39.82089,-84.01938
1804,Huber Heights,Ohio,US,39.84395,-84.12466
1805,Kettering,Ohio,US,39.6895,-84.16883
1806,Piqua,Ohio,US,40.14477,-84.24244
1807,Riverside,Ohio,US,39.77978,-84.1241
1808,Sidney,Ohio,US,40.28422,-84.1555
1809,Springfield,Ohio,US,39.92423,-83.80882
1810,Trotwood,Ohio,US,39.79728,-84.31133
1811,Troy,Ohio,US,40.0395,-84.20328
1812,Xenia,Ohio,US,39.68478,-83.92965
1813,Denton,Texas,US,33.21484,-97.13307
1814,Wichita Falls,Texas,US,33.91371,-98.49339
1815,South Bradenton,Florida,US,27.4631,-82.58176
1816,North Port,Florida,US,27.04422,-82.23593
1817,Port Charlotte,Florida,US,26.97617,-82.09064
1818,Punta Gorda,Florida,US,26.92978,-82.04537
1819,Sarasota,Florida,US,27.33643,-82.53065
1820,Aliso Viejo,California,US,33.56504,-117.72712
1821,Costa Mesa,California,US,33.64113,-117.91867
1822,Dana Point,California,US,33.46697,-117.69811
1823,Irvine,California,US,33.66946,-117.82311
1824,Laguna Beach,California,US,33.54225,-117.78311
1825,Laguna Hills,California,US,33.61252,-117.71283
1826,Laguna Niguel,California,US,33.52253,-117.70755
1827,Lake Forest,California,US,33.64697,-117.68922
1828,Mission Viejo,California,US,33.60002,-117.672
1829,Newport Beach,California,US,33.61891,-117.92895
1830,Rancho Santa Margarita,California,US,33.64086,-117.6031
1831,San Clemente,California,US,33.42697,-117.61199
1832,San Juan Capistrano,California,US,33.50169,-117.66255
1833,Banning,California,US,33.92557,-116.87641
1834,Corona,California,US,33.87529,-117.56644
1835,Hemet,California,US,33.74761,-116.97307
1836,Moreno Valley,California,US,33.93752,-117.23059
1837,Murrieta,California,US,33.55391,-117.21392
1838,Norco,California,US,33.93113,-117.54866
1839,Perris,California,US,33.78252,-117.22865
1840,Riverside,California,US,33.95335,-117.39616
1841,Rubidoux,California,US,33.99613,-117.4056
1842,Temecula,California,US,33.49364,-117.14836
1843,Bloomington,Minnesota,US,44.8408,-93.29828
1844,Burnsville,Minnesota,US,44.76774,-93.27772
1845,Chanhassen,Minnesota,US,44.86219,-93.53079
1846,Eden Prairie,Minnesota,US,44.85469,-93.47079
1847,Edina,Minnesota,US,44.88969,-93.34995
1848,Minnetonka,Minnesota,US,44.9133,-93.50329
1849,Savage,Minnesota,US,44.77913,-93.33634
1850,Shakopee,Minnesota,US,44.79802,-93.5269
1851,Brownsville,Texas,US,25.90175,-97.49748
1852,Edinburg,Texas,US,26.30174,-98.16334
1853,Harlingen,Texas,US,26.19063,-97.6961
1854,Laredo,Texas,US,27.50641,-99.50754
1855,McAllen,Texas,US,26.20341,-98.23001
1856,Mission,Texas,US,26.21591,-98.32529
1857,Pharr,Texas,US,26.1948,-98.18362
1858,San Benito,Texas,US,26.13258,-97.6311
1859,San Juan,Texas,US,26.18924,-98.15529
1860,Weslaco,Texas,US,26.15952,-97.99084
1861,Fort Collins,Colorado,US,40.58526,-105.08442
1862,Grand Junction,Colorado,US,39.06387,-108.55065
1863,Greeley,Colorado,US,40.42331,-104.70913
1864,Bryan,Texas,US,30.67436,-96.36996
1865,College Station,Texas,US,30.62798,-96.33441
1866,Lake Jackson,Texas,US,29.03386,-95.43439
1867,Houma,Louisiana,US,29.59577,-90.71953
1868,Laplace,Louisiana,US,30.06698,-90.48147
1869,Slidell,Louisiana,US,30.27519,-89.78117
1870,Bay City,Michigan,US,43.59447,-83.88886
1871,Midland,Michigan,US,43.61558,-84.24721
1872,Mount Pleasant,Michigan,US,43.59781,-84.76751
1873,Saginaw,Michigan,US,43.41947,-83.95081
1874,Charleston,South Carolina,US,32.7876012,-79.9402727
1875,Melbourne,Florida,US,28.0836269,-80.6081088
1876,Little Rock,Arkansas,US,34.7464809,-92.2895947
1877,Gastonia,North Carolina,US,35.262082,-81.1873004
1878,Nashville-Davidson,Tennessee,US,36.187025,-86.7808615312
1879,Milwaukee,Wisconsin,US,43.0349931,-87.9224969
1880,Louisville/Jefferson County,Kentucky,US,38.209237,-85.7038501
1881,Portland,Maine,US,43.6610277,-70.2548595
1882,Logan,Utah,US,41.7313447,-111.834863
1883,Chattanooga,Tennessee,US,35.0456297,-85.30968
1884,Ogden,Utah,US,41.2230048,-111.9738428
1885,Sandy,Utah,US,40.572851,-111.833449532
1886,Athens-Clarke County,Georgia,US,33.94385375,-83.3972897876
1887,Tustin,California,US,33.7458511,-117.8261659
1888,Burlington,Vermont,US,44.4723989,-73.211494
1889,New York,New York,US,40.7305991,-73.9865811
1890,Port St. Lucie,Florida,US,27.2939333,-80.3503282
1891,Elgin,Illinois,US,42.0372487,-88.2811894
1892,La Crosse,Wisconsin,US,43.8013556,-91.2395806
1893,Hartford,Connecticut,US,41.7645491,-72.6908672
1894,Richland,Washington,US,46.2778406,-119.2769066
1895,Apopka,Florida,US,28.7414145,-81.5344293037
1896,Bountiful,Utah,US,40.8894611,-111.8804816
1897,Lexington-Fayette,Kentucky,US,38.0464066,-84.4970392
1898,Chicago,Illinois,US,41.8755546,-87.6244211
1899,Des Moines,Iowa,US,41.5910641,-93.6037148
1900,Boise City,Idaho,US,43.5988375,-116.243254963
1901,Cupertino,California,US,37.3230107,-122.0322518
1902,St. Clair Shores,Michigan,US,42.4969805,-82.8888053
1903,Johns Creek,Georgia,US,34.0289259,-84.1985789
1904,Plainfield,Illinois,US,41.623191,-88.2284324789
1905,Houston,Texas,US,29.7589382,-95.3676973
1906,Augusta-Richmond County,Georgia,US,33.4709714,-81.9748428
1907,Peachtree Corners,Georgia,US,33.9701009,-84.2215868
1908,Pasadena,California,US,34.1476452,-118.1444778
1909,Sacramento,California,US,38.5815719,-121.4943995
1910,Lehi,Utah,US,40.3880902,-111.8491618
1911,Lynchburg,Virginia,US,37.40088,-79.1844922946
1912,Fort Pierce,Florida,US,27.4467056,-80.3256055
1913,Miami Gardens,Florida,US,25.94207545,-80.23975271
1914,Pensacola,Florida,US,30.421309,-87.2169148
1915,St. Charles,Missouri,US,38.783194,-90.482368
1916,Fargo,North Dakota,US,46.8772292,-96.7898209
1917,San Gabriel,California,US,34.0991325,-118.108604
1918,Carson,California,US,33.8322043,-118.2517546
1919,Columbia,South Carolina,US,34.0007493,-81.0343312
1920,Monroe,Louisiana,US,32.5093109,-92.1193011
1921,Coon Rapids,Minnesota,US,45.1199652,-93.2877276
1922,St. George,Utah,US,37.104153,-113.5841312
1923,Lafayette,Indiana,US,40.4167022,-86.8752868
1924,Warwick,Rhode Island,US,41.7002024,-71.4161107
1925,Winter Garden,Florida,US,28.5502685,-81.5925973609
1926,Maricopa,Arizona,US,33.34883,-112.4912299
1927,Compton,California,US,33.8948824,-118.2260433
1928,Charleston,West Virginia,US,38.3505993,-81.633281
1929,Concord,New Hampshire,US,43.207106,-71.5370215
1930,St. Paul,Minnesota,US,44.9504037,-93.1015025
1931,Buckeye,Arizona,US,33.3702748,-112.5838672
1932,Glendale,California,US,34.142498,-118.2485959
1933,Jurupa Valley,California,US,33.9798472,-117.4515753
1934,Fort Myers,Florida,US,26.640628,-81.8723083
1935,Rockwall,Texas,US,32.9312336,-96.4597088
1936,Eastvale,California,US,33.9766799,-117.5598443
1937,Menifee,California,US,33.6864432,-117.1770436
1938,St. Petersburg,Florida,US,27.7703796,-82.6695084
1939,Miami,Florida,US,25.7742658,-80.1936588
1940,Boston,Massachusetts,US,42.3604823,-71.0595677
1941,Goodyear,Arizona,US,33.4356089,-112.3579115
1942,Bentonville,Arkansas,US,36.3728538,-94.2088171
1943,Raleigh,North Carolina,US,35.7803977,-78.6390988
1944,Canton,Ohio,US,40.7989522,-81.3784444
1945,Las Vegas,Nevada,US,36.1662859,-115.1492249
1946,Springfield,Massachusetts,US,42.1014831,-72.5898109
1947,Bend,Oregon,US,44.0581728,-121.3153095
1948,Miami Beach,Florida,US,25.7881436,-80.1272704
1949,San Francisco,California,US,37.7792808,-122.4192362
1950,Eugene,Oregon,US,44.10118085,-123.152383714
1951,Albany,New York,US,42.6511674,-73.7549679
1952,Kent,Washington,US,47.3826903,-122.2270271
1953,Cleveland,Ohio,US,41.5051613,-81.6934445
